text,image,카테고리_주제,카테고리_품사,필요토큰,필요성분
놀고싶어요,http://220.69.171.28:8080/Symbol/Symbol/n4_jib_/n1_zcorez_/nol_go_sip_eo_yo_.png,집,0,0,0
누구세요,http://220.69.171.28:8080/Symbol/Symbol/n4_jib_/n1_zcorez_/nu_gu_se_yo_.png,집,0,0,0
누구세요,http://220.69.171.28:8080/Symbol/Symbol/n4_jib_/n1_zcorez_/nu_gu_se_yo_201_.png,집,0,0,0
더할래요,http://220.69.171.28:8080/Symbol/Symbol/n4_jib_/n1_zcorez_/deo_hal_rae_yo_001_.png,집,0,0,0
더할래요,http://220.69.171.28:8080/Symbol/Symbol/n4_jib_/n1_zcorez_/deo_hal_rae_yo_002_.png,집,0,0,0
더할래요,http://220.69.171.28:8080/Symbol/Symbol/n4_jib_/n1_zcorez_/deo_hal_rae_yo_201_.png,집,0,0,0
동화책,http://220.69.171.28:8080/Symbol/Symbol/n4_jib_/n1_zcorez_/dong_hwa_caeg_001_.png,집,0,0,0
동화책,http://220.69.171.28:8080/Symbol/Symbol/n4_jib_/n1_zcorez_/dong_hwa_caeg_002_.png,집,0,0,0
동화책,http://220.69.171.28:8080/Symbol/Symbol/n4_jib_/n1_zcorez_/dong_hwa_caeg_201_.png,집,0,0,0
장난감,http://220.69.171.28:8080/Symbol/Symbol/n4_jib_/n1_zcorez_/jang_nan_gam_.png,집,명사,0,0
장난감,http://220.69.171.28:8080/Symbol/Symbol/n4_jib_/n1_zcorez_/jang_nan_gam_201_.png,집,명사,0,0
장난감,http://220.69.171.28:8080/Symbol/Symbol/n4_jib_/n1_zcorez_/jang_nan_gam_202_.png,집,명사,0,0
장난감,http://220.69.171.28:8080/Symbol/Symbol/n4_jib_/n1_zcorez_/jang_nan_gam_203_.png,집,명사,0,0
창문열어주세요,http://220.69.171.28:8080/Symbol/Symbol/n4_jib_/n1_zcorez_/cang_mun_yeol_eo_ju_se_yo_.png,집,0,0,0
학교-다녀오겠습니다,http://220.69.171.28:8080/Symbol/Symbol/n4_jib_/n1_zcorez_/hag_gyo_da_nyeo_o_gess_seub_ni_da_2.png,집,0,0,0
(할아버지-또는-할머니)-돌아가셨어요,http://220.69.171.28:8080/Symbol/Symbol/n4_jib_/n2_ga_jog_/v_hal_a_beo_ji_ddo_neun_hal_meo_ni_dol_a_ga_syeoss_eo_yo_.png,집,0,0,0
(할아버지)-생각해요,http://220.69.171.28:8080/Symbol/Symbol/n4_jib_/n2_ga_jog_/v_hal_a_beo_ji_saeng_gag_hae_yo_001_.png,집,0,0,0
(할아버지)-생각해요,http://220.69.171.28:8080/Symbol/Symbol/n4_jib_/n2_ga_jog_/v_hal_a_beo_ji_saeng_gag_hae_yo_002_.png,집,0,0,0
가족,http://220.69.171.28:8080/Symbol/Symbol/n4_jib_/n2_ga_jog_/ga_jog_001_2.png,집,명사,0,0
가족,http://220.69.171.28:8080/Symbol/Symbol/n4_jib_/n2_ga_jog_/ga_jog_002_2.png,집,명사,0,0
결혼,http://220.69.171.28:8080/Symbol/Symbol/n4_jib_/n2_ga_jog_/gyeol_hon_001_.png,집,명사,0,0
결혼,http://220.69.171.28:8080/Symbol/Symbol/n4_jib_/n2_ga_jog_/gyeol_hon_002_.png,집,명사,0,0
고모,http://220.69.171.28:8080/Symbol/Symbol/n4_jib_/n2_ga_jog_/go_mo_.png,집,명사,0,0
고모,http://220.69.171.28:8080/Symbol/Symbol/n4_jib_/n2_ga_jog_/go_mo_201_.png,집,명사,0,0
고모부,http://220.69.171.28:8080/Symbol/Symbol/n4_jib_/n2_ga_jog_/go_mo_bu_.png,집,0,0,0
기억해요,http://220.69.171.28:8080/Symbol/Symbol/n4_jib_/n2_ga_jog_/gi_eog_hae_yo_.png,집,0,0,0
나,http://220.69.171.28:8080/Symbol/Symbol/n4_jib_/n2_ga_jog_/na_001_.png,집,명사,0,0
나,http://220.69.171.28:8080/Symbol/Symbol/n4_jib_/n2_ga_jog_/na_002_.png,집,명사,0,0
나,http://220.69.171.28:8080/Symbol/Symbol/n4_jib_/n2_ga_jog_/na_003_.png,집,명사,0,0
나,http://220.69.171.28:8080/Symbol/Symbol/n4_jib_/n2_ga_jog_/na_004_.png,집,명사,0,0
나,http://220.69.171.28:8080/Symbol/Symbol/n4_jib_/n2_ga_jog_/na_201_.png,집,명사,0,0
남동생,http://220.69.171.28:8080/Symbol/Symbol/n4_jib_/n2_ga_jog_/nam_dong_saeng_001_.png,집,0,0,0
남동생,http://220.69.171.28:8080/Symbol/Symbol/n4_jib_/n2_ga_jog_/nam_dong_saeng_002_.png,집,0,0,0
남동생,http://220.69.171.28:8080/Symbol/Symbol/n4_jib_/n2_ga_jog_/nam_dong_saeng_003_.png,집,0,0,0
남동생,http://220.69.171.28:8080/Symbol/Symbol/n4_jib_/n2_ga_jog_/nam_dong_saeng_004_.png,집,0,0,0
남편,http://220.69.171.28:8080/Symbol/Symbol/n4_jib_/n2_ga_jog_/nam_pyeon_001_.png,집,명사,0,0
남편,http://220.69.171.28:8080/Symbol/Symbol/n4_jib_/n2_ga_jog_/nam_pyeon_002_.png,집,명사,0,0
남편,http://220.69.171.28:8080/Symbol/Symbol/n4_jib_/n2_ga_jog_/nam_pyeon_003_.png,집,명사,0,0
남편,http://220.69.171.28:8080/Symbol/Symbol/n4_jib_/n2_ga_jog_/nam_pyeon_004_.png,집,명사,0,0
남편,http://220.69.171.28:8080/Symbol/Symbol/n4_jib_/n2_ga_jog_/nam_pyeon_201_.png,집,명사,0,0
누나,http://220.69.171.28:8080/Symbol/Symbol/n4_jib_/n2_ga_jog_/nu_na_001_.png,집,명사,0,0
누나,http://220.69.171.28:8080/Symbol/Symbol/n4_jib_/n2_ga_jog_/nu_na_002_.png,집,명사,0,0
누나,http://220.69.171.28:8080/Symbol/Symbol/n4_jib_/n2_ga_jog_/nu_na_003_.png,집,명사,0,0
누나,http://220.69.171.28:8080/Symbol/Symbol/n4_jib_/n2_ga_jog_/nu_na_004_.png,집,명사,0,0
누나언니,http://220.69.171.28:8080/Symbol/Symbol/n4_jib_/n2_ga_jog_/nu_na_eon_ni_201_.png,집,0,0,0
닮았어요,http://220.69.171.28:8080/Symbol/Symbol/n4_jib_/n2_ga_jog_/dalm_ass_eo_yo_.png,집,0,0,0
동생,http://220.69.171.28:8080/Symbol/Symbol/n4_jib_/n2_ga_jog_/dong_saeng_001_.png,집,명사,0,0
동생,http://220.69.171.28:8080/Symbol/Symbol/n4_jib_/n2_ga_jog_/dong_saeng_002_.png,집,명사,0,0
동생,http://220.69.171.28:8080/Symbol/Symbol/n4_jib_/n2_ga_jog_/dong_saeng_003_.png,집,명사,0,0
동생,http://220.69.171.28:8080/Symbol/Symbol/n4_jib_/n2_ga_jog_/dong_saeng_004_.png,집,명사,0,0
동생,http://220.69.171.28:8080/Symbol/Symbol/n4_jib_/n2_ga_jog_/dong_saeng_201_.png,집,명사,0,0
둘째,http://220.69.171.28:8080/Symbol/Symbol/n4_jib_/n2_ga_jog_/dul_jjae_001_.png,집,명사,0,0
둘째,http://220.69.171.28:8080/Symbol/Symbol/n4_jib_/n2_ga_jog_/dul_jjae_002_.png,집,명사,0,0
둘째,http://220.69.171.28:8080/Symbol/Symbol/n4_jib_/n2_ga_jog_/dul_jjae_003_.png,집,명사,0,0
둘째,http://220.69.171.28:8080/Symbol/Symbol/n4_jib_/n2_ga_jog_/dul_jjae_004_.png,집,명사,0,0
딸,http://220.69.171.28:8080/Symbol/Symbol/n4_jib_/n2_ga_jog_/ddal_001_.png,집,명사,0,0
딸,http://220.69.171.28:8080/Symbol/Symbol/n4_jib_/n2_ga_jog_/ddal_002_.png,집,명사,0,0
딸,http://220.69.171.28:8080/Symbol/Symbol/n4_jib_/n2_ga_jog_/ddal_003_.png,집,명사,0,0
딸,http://220.69.171.28:8080/Symbol/Symbol/n4_jib_/n2_ga_jog_/ddal_004_.png,집,명사,0,0
딸,http://220.69.171.28:8080/Symbol/Symbol/n4_jib_/n2_ga_jog_/ddal_201_.png,집,명사,0,0
막내,http://220.69.171.28:8080/Symbol/Symbol/n4_jib_/n2_ga_jog_/mag_nae_001_.png,집,명사,0,0
막내,http://220.69.171.28:8080/Symbol/Symbol/n4_jib_/n2_ga_jog_/mag_nae_002_.png,집,명사,0,0
막내,http://220.69.171.28:8080/Symbol/Symbol/n4_jib_/n2_ga_jog_/mag_nae_003_.png,집,명사,0,0
막내,http://220.69.171.28:8080/Symbol/Symbol/n4_jib_/n2_ga_jog_/mag_nae_004_.png,집,명사,0,0
며느리,http://220.69.171.28:8080/Symbol/Symbol/n4_jib_/n2_ga_jog_/myeo_neu_ri_.png,집,0,0,0
사위,http://220.69.171.28:8080/Symbol/Symbol/n4_jib_/n2_ga_jog_/sa_wi_.png,집,명사,0,0
삼촌,http://220.69.171.28:8080/Symbol/Symbol/n4_jib_/n2_ga_jog_/sam_con_001_.png,집,명사,0,0
삼촌,http://220.69.171.28:8080/Symbol/Symbol/n4_jib_/n2_ga_jog_/sam_con_002_.png,집,명사,0,0
삼촌,http://220.69.171.28:8080/Symbol/Symbol/n4_jib_/n2_ga_jog_/sam_con_201_.png,집,명사,0,0
셋째,http://220.69.171.28:8080/Symbol/Symbol/n4_jib_/n2_ga_jog_/ses_jjae_001_.png,집,명사,0,0
셋째,http://220.69.171.28:8080/Symbol/Symbol/n4_jib_/n2_ga_jog_/ses_jjae_002_.png,집,명사,0,0
숙모,http://220.69.171.28:8080/Symbol/Symbol/n4_jib_/n2_ga_jog_/sug_mo_.png,집,명사,0,0
시아버지,http://220.69.171.28:8080/Symbol/Symbol/n4_jib_/n2_ga_jog_/si_a_beo_ji_001_.png,집,0,0,0
시아버지,http://220.69.171.28:8080/Symbol/Symbol/n4_jib_/n2_ga_jog_/si_a_beo_ji_002_.png,집,0,0,0
시아버지,http://220.69.171.28:8080/Symbol/Symbol/n4_jib_/n2_ga_jog_/si_a_beo_ji_003_.png,집,0,0,0
시아버지,http://220.69.171.28:8080/Symbol/Symbol/n4_jib_/n2_ga_jog_/si_a_beo_ji_004_.png,집,0,0,0
시어머니,http://220.69.171.28:8080/Symbol/Symbol/n4_jib_/n2_ga_jog_/si_eo_meo_ni_001_.png,집,0,0,0
시어머니,http://220.69.171.28:8080/Symbol/Symbol/n4_jib_/n2_ga_jog_/si_eo_meo_ni_002_.png,집,0,0,0
시어머니,http://220.69.171.28:8080/Symbol/Symbol/n4_jib_/n2_ga_jog_/si_eo_meo_ni_003_.png,집,0,0,0
시어머니,http://220.69.171.28:8080/Symbol/Symbol/n4_jib_/n2_ga_jog_/si_eo_meo_ni_004_.png,집,0,0,0
아가,http://220.69.171.28:8080/Symbol/Symbol/n4_jib_/n2_ga_jog_/a_ga_201_.png,집,명사,0,0
아기가-태어났어요,http://220.69.171.28:8080/Symbol/Symbol/n4_jib_/n2_ga_jog_/a_gi_ga_tae_eo_nass_eo_yo_.png,집,0,0,0
아내,http://220.69.171.28:8080/Symbol/Symbol/n4_jib_/n2_ga_jog_/a_nae_001_.png,집,명사,0,0
아내,http://220.69.171.28:8080/Symbol/Symbol/n4_jib_/n2_ga_jog_/a_nae_002_.png,집,명사,0,0
아내,http://220.69.171.28:8080/Symbol/Symbol/n4_jib_/n2_ga_jog_/a_nae_003_.png,집,명사,0,0
아내,http://220.69.171.28:8080/Symbol/Symbol/n4_jib_/n2_ga_jog_/a_nae_004_.png,집,명사,0,0
아내,http://220.69.171.28:8080/Symbol/Symbol/n4_jib_/n2_ga_jog_/a_nae_201_.png,집,명사,0,0
아들,http://220.69.171.28:8080/Symbol/Symbol/n4_jib_/n2_ga_jog_/a_deul_001_.png,집,명사,0,0
아들,http://220.69.171.28:8080/Symbol/Symbol/n4_jib_/n2_ga_jog_/a_deul_002_.png,집,명사,0,0
아들,http://220.69.171.28:8080/Symbol/Symbol/n4_jib_/n2_ga_jog_/a_deul_003_.png,집,명사,0,0
아들,http://220.69.171.28:8080/Symbol/Symbol/n4_jib_/n2_ga_jog_/a_deul_004_.png,집,명사,0,0
아들,http://220.69.171.28:8080/Symbol/Symbol/n4_jib_/n2_ga_jog_/a_deul_201_.png,집,명사,0,0
아빠-닮았어요,http://220.69.171.28:8080/Symbol/Symbol/n4_jib_/n2_ga_jog_/a_bba_dalm_ass_eo_yo_.png,집,0,0,0
언니,http://220.69.171.28:8080/Symbol/Symbol/n4_jib_/n2_ga_jog_/eon_ni_001_.png,집,명사,0,0
언니,http://220.69.171.28:8080/Symbol/Symbol/n4_jib_/n2_ga_jog_/eon_ni_002_.png,집,명사,0,0
엄마-닮았어요,http://220.69.171.28:8080/Symbol/Symbol/n4_jib_/n2_ga_jog_/eom_ma_dalm_ass_eo_yo_.png,집,0,0,0
여동생,http://220.69.171.28:8080/Symbol/Symbol/n4_jib_/n2_ga_jog_/yeo_dong_saeng_001_.png,집,0,0,0
여동생,http://220.69.171.28:8080/Symbol/Symbol/n4_jib_/n2_ga_jog_/yeo_dong_saeng_002_.png,집,0,0,0
여동생,http://220.69.171.28:8080/Symbol/Symbol/n4_jib_/n2_ga_jog_/yeo_dong_saeng_003_.png,집,0,0,0
여동생,http://220.69.171.28:8080/Symbol/Symbol/n4_jib_/n2_ga_jog_/yeo_dong_saeng_004_.png,집,0,0,0
오빠,http://220.69.171.28:8080/Symbol/Symbol/n4_jib_/n2_ga_jog_/o_bba_001_.png,집,명사,0,0
오빠,http://220.69.171.28:8080/Symbol/Symbol/n4_jib_/n2_ga_jog_/o_bba_002_.png,집,명사,0,0
오빠,http://220.69.171.28:8080/Symbol/Symbol/n4_jib_/n2_ga_jog_/o_bba_201_.png,집,명사,0,0
외동딸,http://220.69.171.28:8080/Symbol/Symbol/n4_jib_/n2_ga_jog_/oe_dong_ddal_001_.png,집,0,0,0
외동딸,http://220.69.171.28:8080/Symbol/Symbol/n4_jib_/n2_ga_jog_/oe_dong_ddal_002_.png,집,0,0,0
외동딸,http://220.69.171.28:8080/Symbol/Symbol/n4_jib_/n2_ga_jog_/oe_dong_ddal_003_.png,집,0,0,0
외동딸,http://220.69.171.28:8080/Symbol/Symbol/n4_jib_/n2_ga_jog_/oe_dong_ddal_004_.png,집,0,0,0
외동아들,http://220.69.171.28:8080/Symbol/Symbol/n4_jib_/n2_ga_jog_/oe_dong_a_deul_001_.png,집,0,0,0
외동아들,http://220.69.171.28:8080/Symbol/Symbol/n4_jib_/n2_ga_jog_/oe_dong_a_deul_002_.png,집,0,0,0
외동아들,http://220.69.171.28:8080/Symbol/Symbol/n4_jib_/n2_ga_jog_/oe_dong_a_deul_003_.png,집,0,0,0
외동아들,http://220.69.171.28:8080/Symbol/Symbol/n4_jib_/n2_ga_jog_/oe_dong_a_deul_004_.png,집,0,0,0
외삼촌,http://220.69.171.28:8080/Symbol/Symbol/n4_jib_/n2_ga_jog_/oe_sam_con_001_.png,집,0,0,0
외삼촌,http://220.69.171.28:8080/Symbol/Symbol/n4_jib_/n2_ga_jog_/oe_sam_con_002_.png,집,0,0,0
외숙모,http://220.69.171.28:8080/Symbol/Symbol/n4_jib_/n2_ga_jog_/oe_sug_mo_.png,집,0,0,0
외할머니,http://220.69.171.28:8080/Symbol/Symbol/n4_jib_/n2_ga_jog_/oe_hal_meo_ni_001_.png,집,0,0,0
외할머니,http://220.69.171.28:8080/Symbol/Symbol/n4_jib_/n2_ga_jog_/oe_hal_meo_ni_002_.png,집,0,0,0
외할아버지,http://220.69.171.28:8080/Symbol/Symbol/n4_jib_/n2_ga_jog_/oe_hal_a_beo_ji_001_.png,집,0,0,0
외할아버지,http://220.69.171.28:8080/Symbol/Symbol/n4_jib_/n2_ga_jog_/oe_hal_a_beo_ji_002_.png,집,0,0,0
우리가족,http://220.69.171.28:8080/Symbol/Symbol/n4_jib_/n2_ga_jog_/u_ri_ga_jog_001_.png,집,0,0,0
우리가족,http://220.69.171.28:8080/Symbol/Symbol/n4_jib_/n2_ga_jog_/u_ri_ga_jog_002_.png,집,0,0,0
우리가족,http://220.69.171.28:8080/Symbol/Symbol/n4_jib_/n2_ga_jog_/u_ri_ga_jog_201_.png,집,0,0,0
울었어요,http://220.69.171.28:8080/Symbol/Symbol/n4_jib_/n2_ga_jog_/ul_eoss_eo_yo_.png,집,0,0,0
이모,http://220.69.171.28:8080/Symbol/Symbol/n4_jib_/n2_ga_jog_/i_mo_.png,집,명사,0,0
이모부,http://220.69.171.28:8080/Symbol/Symbol/n4_jib_/n2_ga_jog_/i_mo_bu_.png,집,0,0,0
이혼,http://220.69.171.28:8080/Symbol/Symbol/n4_jib_/n2_ga_jog_/i_hon_001_.png,집,명사,0,0
이혼,http://220.69.171.28:8080/Symbol/Symbol/n4_jib_/n2_ga_jog_/i_hon_002_.png,집,명사,0,0
임산부,http://220.69.171.28:8080/Symbol/Symbol/n4_jib_/n2_ga_jog_/im_san_bu_.png,집,0,0,0
자랑스러워요,http://220.69.171.28:8080/Symbol/Symbol/n4_jib_/n2_ga_jog_/ja_rang_seu_reo_weo_yo_.png,집,0,0,0
작은아빠,http://220.69.171.28:8080/Symbol/Symbol/n4_jib_/n2_ga_jog_/jag_eun_a_bba_001_.png,집,0,0,0
작은아빠,http://220.69.171.28:8080/Symbol/Symbol/n4_jib_/n2_ga_jog_/jag_eun_a_bba_002_.png,집,0,0,0
작은아빠,http://220.69.171.28:8080/Symbol/Symbol/n4_jib_/n2_ga_jog_/jag_eun_a_bba_003_.png,집,0,0,0
작은아빠,http://220.69.171.28:8080/Symbol/Symbol/n4_jib_/n2_ga_jog_/jag_eun_a_bba_004_.png,집,0,0,0
작은엄마,http://220.69.171.28:8080/Symbol/Symbol/n4_jib_/n2_ga_jog_/jag_eun_eom_ma_001_.png,집,0,0,0
작은엄마,http://220.69.171.28:8080/Symbol/Symbol/n4_jib_/n2_ga_jog_/jag_eun_eom_ma_002_.png,집,0,0,0
작은엄마,http://220.69.171.28:8080/Symbol/Symbol/n4_jib_/n2_ga_jog_/jag_eun_eom_ma_003_.png,집,0,0,0
작은엄마,http://220.69.171.28:8080/Symbol/Symbol/n4_jib_/n2_ga_jog_/jag_eun_eom_ma_004_.png,집,0,0,0
장남,http://220.69.171.28:8080/Symbol/Symbol/n4_jib_/n2_ga_jog_/jang_nam_001_.png,집,명사,0,0
장남,http://220.69.171.28:8080/Symbol/Symbol/n4_jib_/n2_ga_jog_/jang_nam_002_.png,집,명사,0,0
장남,http://220.69.171.28:8080/Symbol/Symbol/n4_jib_/n2_ga_jog_/jang_nam_003_.png,집,명사,0,0
장남,http://220.69.171.28:8080/Symbol/Symbol/n4_jib_/n2_ga_jog_/jang_nam_004_.png,집,명사,0,0
장녀,http://220.69.171.28:8080/Symbol/Symbol/n4_jib_/n2_ga_jog_/jang_nyeo_001_.png,집,명사,0,0
장녀,http://220.69.171.28:8080/Symbol/Symbol/n4_jib_/n2_ga_jog_/jang_nyeo_002_.png,집,명사,0,0
장녀,http://220.69.171.28:8080/Symbol/Symbol/n4_jib_/n2_ga_jog_/jang_nyeo_003_.png,집,명사,0,0
장녀,http://220.69.171.28:8080/Symbol/Symbol/n4_jib_/n2_ga_jog_/jang_nyeo_004_.png,집,명사,0,0
장모님,http://220.69.171.28:8080/Symbol/Symbol/n4_jib_/n2_ga_jog_/jang_mo_nim_001_.png,집,명사,0,0
장모님,http://220.69.171.28:8080/Symbol/Symbol/n4_jib_/n2_ga_jog_/jang_mo_nim_002_.png,집,명사,0,0
장모님,http://220.69.171.28:8080/Symbol/Symbol/n4_jib_/n2_ga_jog_/jang_mo_nim_003_.png,집,명사,0,0
장모님,http://220.69.171.28:8080/Symbol/Symbol/n4_jib_/n2_ga_jog_/jang_mo_nim_004_.png,집,명사,0,0
장인어른,http://220.69.171.28:8080/Symbol/Symbol/n4_jib_/n2_ga_jog_/jang_in_eo_reun_001_.png,집,0,0,0
장인어른,http://220.69.171.28:8080/Symbol/Symbol/n4_jib_/n2_ga_jog_/jang_in_eo_reun_002_.png,집,0,0,0
장인어른,http://220.69.171.28:8080/Symbol/Symbol/n4_jib_/n2_ga_jog_/jang_in_eo_reun_003_.png,집,0,0,0
장인어른,http://220.69.171.28:8080/Symbol/Symbol/n4_jib_/n2_ga_jog_/jang_in_eo_reun_004_.png,집,0,0,0
조카,http://220.69.171.28:8080/Symbol/Symbol/n4_jib_/n2_ga_jog_/jo_ka_.png,집,명사,0,0
차남,http://220.69.171.28:8080/Symbol/Symbol/n4_jib_/n2_ga_jog_/ca_nam_001_.png,집,명사,0,0
차남,http://220.69.171.28:8080/Symbol/Symbol/n4_jib_/n2_ga_jog_/ca_nam_002_.png,집,명사,0,0
차남,http://220.69.171.28:8080/Symbol/Symbol/n4_jib_/n2_ga_jog_/ca_nam_003_.png,집,명사,0,0
차남,http://220.69.171.28:8080/Symbol/Symbol/n4_jib_/n2_ga_jog_/ca_nam_004_.png,집,명사,0,0
차녀,http://220.69.171.28:8080/Symbol/Symbol/n4_jib_/n2_ga_jog_/ca_nyeo_001_.png,집,명사,0,0
차녀,http://220.69.171.28:8080/Symbol/Symbol/n4_jib_/n2_ga_jog_/ca_nyeo_002_.png,집,명사,0,0
차녀,http://220.69.171.28:8080/Symbol/Symbol/n4_jib_/n2_ga_jog_/ca_nyeo_003_.png,집,명사,0,0
차녀,http://220.69.171.28:8080/Symbol/Symbol/n4_jib_/n2_ga_jog_/ca_nyeo_004_.png,집,명사,0,0
첫째,http://220.69.171.28:8080/Symbol/Symbol/n4_jib_/n2_ga_jog_/ceos_jjae_001_.png,집,명사,0,0
첫째,http://220.69.171.28:8080/Symbol/Symbol/n4_jib_/n2_ga_jog_/ceos_jjae_002_.png,집,명사,0,0
첫째,http://220.69.171.28:8080/Symbol/Symbol/n4_jib_/n2_ga_jog_/ceos_jjae_003_.png,집,명사,0,0
첫째,http://220.69.171.28:8080/Symbol/Symbol/n4_jib_/n2_ga_jog_/ceos_jjae_004_.png,집,명사,0,0
친척,http://220.69.171.28:8080/Symbol/Symbol/n4_jib_/n2_ga_jog_/cin_ceog_.png,집,명사,0,0
친척,http://220.69.171.28:8080/Symbol/Symbol/n4_jib_/n2_ga_jog_/cin_ceog_201_.png,집,명사,0,0
큰아빠,http://220.69.171.28:8080/Symbol/Symbol/n4_jib_/n2_ga_jog_/keun_a_bba_001_.png,집,0,0,0
큰아빠,http://220.69.171.28:8080/Symbol/Symbol/n4_jib_/n2_ga_jog_/keun_a_bba_002_.png,집,0,0,0
큰아빠,http://220.69.171.28:8080/Symbol/Symbol/n4_jib_/n2_ga_jog_/keun_a_bba_003_.png,집,0,0,0
큰아빠,http://220.69.171.28:8080/Symbol/Symbol/n4_jib_/n2_ga_jog_/keun_a_bba_004_.png,집,0,0,0
큰엄마,http://220.69.171.28:8080/Symbol/Symbol/n4_jib_/n2_ga_jog_/keun_eom_ma_001_.png,집,0,0,0
큰엄마,http://220.69.171.28:8080/Symbol/Symbol/n4_jib_/n2_ga_jog_/keun_eom_ma_002_.png,집,0,0,0
큰엄마,http://220.69.171.28:8080/Symbol/Symbol/n4_jib_/n2_ga_jog_/keun_eom_ma_003_.png,집,0,0,0
큰엄마,http://220.69.171.28:8080/Symbol/Symbol/n4_jib_/n2_ga_jog_/keun_eom_ma_004_.png,집,0,0,0
할머니,http://220.69.171.28:8080/Symbol/Symbol/n4_jib_/n2_ga_jog_/hal_meo_ni_001_.png,집,0,0,0
할머니,http://220.69.171.28:8080/Symbol/Symbol/n4_jib_/n2_ga_jog_/hal_meo_ni_002_.png,집,0,0,0
할머니,http://220.69.171.28:8080/Symbol/Symbol/n4_jib_/n2_ga_jog_/hal_meo_ni_201_.png,집,0,0,0
할아버지,http://220.69.171.28:8080/Symbol/Symbol/n4_jib_/n2_ga_jog_/hal_a_beo_ji_001_.png,집,0,0,0
할아버지,http://220.69.171.28:8080/Symbol/Symbol/n4_jib_/n2_ga_jog_/hal_a_beo_ji_002_.png,집,0,0,0
할아버지,http://220.69.171.28:8080/Symbol/Symbol/n4_jib_/n2_ga_jog_/hal_a_beo_ji_201_.png,집,0,0,0
형,http://220.69.171.28:8080/Symbol/Symbol/n4_jib_/n2_ga_jog_/hyeong_001_.png,집,명사,0,0
형,http://220.69.171.28:8080/Symbol/Symbol/n4_jib_/n2_ga_jog_/hyeong_002_.png,집,명사,0,0
형,http://220.69.171.28:8080/Symbol/Symbol/n4_jib_/n2_ga_jog_/hyeong_003_.png,집,명사,0,0
형,http://220.69.171.28:8080/Symbol/Symbol/n4_jib_/n2_ga_jog_/hyeong_004_.png,집,명사,0,0
형,http://220.69.171.28:8080/Symbol/Symbol/n4_jib_/n2_ga_jog_/hyeong_201_.png,집,명사,0,0
활짝-웃어요,http://220.69.171.28:8080/Symbol/Symbol/n4_jib_/n2_ga_jog_/hwal_jjag_us_eo_yo_.png,집,0,0,0
같이가요,http://220.69.171.28:8080/Symbol/Symbol/n4_jib_/n3_hwa_jang_sil_/gat_i_ga_yo_.png,집,0,0,0
거울,http://220.69.171.28:8080/Symbol/Symbol/n4_jib_/n3_hwa_jang_sil_/geo_ul_1.png,집,명사,0,0
급해요,http://220.69.171.28:8080/Symbol/Symbol/n4_jib_/n3_hwa_jang_sil_/geub_hae_yo_001_.png,집,0,0,0
급해요,http://220.69.171.28:8080/Symbol/Symbol/n4_jib_/n3_hwa_jang_sil_/geub_hae_yo_002_.png,집,0,0,0
내려주세요,http://220.69.171.28:8080/Symbol/Symbol/n4_jib_/n3_hwa_jang_sil_/nae_ryeo_ju_se_yo_.png,집,0,0,0
눌러요,http://220.69.171.28:8080/Symbol/Symbol/n4_jib_/n3_hwa_jang_sil_/nul_reo_yo_.png,집,0,0,0
다했어요,http://220.69.171.28:8080/Symbol/Symbol/n4_jib_/n3_hwa_jang_sil_/da_haess_eo_yo_2.png,집,0,0,0
닦아주세요,http://220.69.171.28:8080/Symbol/Symbol/n4_jib_/n3_hwa_jang_sil_/dagg_a_ju_se_yo_.png,집,0,0,0
두드려요(노크해요),http://220.69.171.28:8080/Symbol/Symbol/n4_jib_/n3_hwa_jang_sil_/du_deu_ryeo_yo_no_keu_hae_yo_.png,집,0,0,0
따뜻한-물(온수),http://220.69.171.28:8080/Symbol/Symbol/n4_jib_/n3_hwa_jang_sil_/dda_ddeus_han_mul_on_su_001_.png,집,0,0,0
따뜻한-물(온수),http://220.69.171.28:8080/Symbol/Symbol/n4_jib_/n3_hwa_jang_sil_/dda_ddeus_han_mul_on_su_002_.png,집,0,0,0
린스,http://220.69.171.28:8080/Symbol/Symbol/n4_jib_/n3_hwa_jang_sil_/rin_seu_.png,집,명사,0,0
마려워요,http://220.69.171.28:8080/Symbol/Symbol/n4_jib_/n3_hwa_jang_sil_/ma_ryeo_weo_yo_.png,집,0,0,0
말려주세요,http://220.69.171.28:8080/Symbol/Symbol/n4_jib_/n3_hwa_jang_sil_/mal_ryeo_ju_se_yo_.png,집,0,0,0
머리감을래요,http://220.69.171.28:8080/Symbol/Symbol/n4_jib_/n3_hwa_jang_sil_/meo_ri_gam_eul_rae_yo_.png,집,0,0,0
머리감을래요,http://220.69.171.28:8080/Symbol/Symbol/n4_jib_/n3_hwa_jang_sil_/meo_ri_gam_eul_rae_yo_201_.png,집,0,0,0
면도기,http://220.69.171.28:8080/Symbol/Symbol/n4_jib_/n3_hwa_jang_sil_/myeon_do_gi_.png,집,0,0,0
목욕해요,http://220.69.171.28:8080/Symbol/Symbol/n4_jib_/n3_hwa_jang_sil_/mog_yog_hae_yo_001_.png,집,0,0,0
목욕해요,http://220.69.171.28:8080/Symbol/Symbol/n4_jib_/n3_hwa_jang_sil_/mog_yog_hae_yo_002_.png,집,0,0,0
물,http://220.69.171.28:8080/Symbol/Symbol/n4_jib_/n3_hwa_jang_sil_/mul_001_2.png,집,명사,0,0
물,http://220.69.171.28:8080/Symbol/Symbol/n4_jib_/n3_hwa_jang_sil_/mul_002_2.png,집,명사,0,0
물,http://220.69.171.28:8080/Symbol/Symbol/n4_jib_/n3_hwa_jang_sil_/mul_003_.png,집,명사,0,0
물,http://220.69.171.28:8080/Symbol/Symbol/n4_jib_/n3_hwa_jang_sil_/mul_004_.png,집,명사,0,0
물,http://220.69.171.28:8080/Symbol/Symbol/gif/mul_.gif,집,명사,0,0
바디샴푸,http://220.69.171.28:8080/Symbol/Symbol/n4_jib_/n3_hwa_jang_sil_/ba_di_syam_pu_.png,집,0,0,0
발,http://220.69.171.28:8080/Symbol/Symbol/n4_jib_/n3_hwa_jang_sil_/bal_1.png,집,명사,0,0
변기,http://220.69.171.28:8080/Symbol/Symbol/n4_jib_/n3_hwa_jang_sil_/byeon_gi_.png,집,명사,0,0
비누,http://220.69.171.28:8080/Symbol/Symbol/n4_jib_/n3_hwa_jang_sil_/bi_nu_.png,집,명사,0,0
비데,http://220.69.171.28:8080/Symbol/Symbol/n4_jib_/n3_hwa_jang_sil_/bi_de_.png,집,명사,0,0
빗,http://220.69.171.28:8080/Symbol/Symbol/n4_jib_/n3_hwa_jang_sil_/bis_.png,집,명사,0,0
빗을래요,http://220.69.171.28:8080/Symbol/Symbol/n4_jib_/n3_hwa_jang_sil_/bis_eul_rae_yo_.png,집,0,0,0
생리대,http://220.69.171.28:8080/Symbol/Symbol/n4_jib_/n3_hwa_jang_sil_/saeng_ri_dae_.png,집,0,0,0
샤워기,http://220.69.171.28:8080/Symbol/Symbol/n4_jib_/n3_hwa_jang_sil_/sya_weo_gi_.png,집,0,0,0
샤워할래요,http://220.69.171.28:8080/Symbol/Symbol/n4_jib_/n3_hwa_jang_sil_/sya_weo_hal_rae_yo_001_.png,집,0,0,0
샤워할래요,http://220.69.171.28:8080/Symbol/Symbol/n4_jib_/n3_hwa_jang_sil_/sya_weo_hal_rae_yo_002_.png,집,0,0,0
샤워할래요,http://220.69.171.28:8080/Symbol/Symbol/n4_jib_/n3_hwa_jang_sil_/sya_weo_hal_rae_yo_201_.png,집,0,0,0
샴푸,http://220.69.171.28:8080/Symbol/Symbol/n4_jib_/n3_hwa_jang_sil_/syam_pu_002_.png,집,명사,0,0
샴푸,http://220.69.171.28:8080/Symbol/Symbol/n4_jib_/n3_hwa_jang_sil_/syam_pu_003_.png,집,명사,0,0
샴푸,http://220.69.171.28:8080/Symbol/Symbol/n4_jib_/n3_hwa_jang_sil_/syam_pu_001_.png,집,명사,0,0
세수,http://220.69.171.28:8080/Symbol/Symbol/n4_jib_/n3_hwa_jang_sil_/se_su_201_.png,집,명사,0,0
세수,http://220.69.171.28:8080/Symbol/Symbol/n4_jib_/n3_hwa_jang_sil_/se_su_.png,집,명사,0,0
세제,http://220.69.171.28:8080/Symbol/Symbol/n4_jib_/n3_hwa_jang_sil_/se_je_.png,집,명사,0,0
소변기,http://220.69.171.28:8080/Symbol/Symbol/n4_jib_/n3_hwa_jang_sil_/so_byeon_gi_.png,집,0,0,0
수건,http://220.69.171.28:8080/Symbol/Symbol/n4_jib_/n3_hwa_jang_sil_/su_geon_.png,집,명사,0,0
수도꼭지,http://220.69.171.28:8080/Symbol/Symbol/sunnyk/faucet_sy.png,집,0,0,0
쉬,http://220.69.171.28:8080/Symbol/Symbol/n4_jib_/n3_hwa_jang_sil_/swi_201_.png,집,명사,0,0
씻어요,http://220.69.171.28:8080/Symbol/Symbol/n4_jib_/n3_hwa_jang_sil_/ssis_eo_yo_001_2.png,집,0,0,0
씻어요,http://220.69.171.28:8080/Symbol/Symbol/n4_jib_/n3_hwa_jang_sil_/ssis_eo_yo_002_2.png,집,0,0,0
씻어요,http://220.69.171.28:8080/Symbol/Symbol/n4_jib_/n3_hwa_jang_sil_/ssis_eo_yo_201_.png,집,0,0,0
씻을래요,http://220.69.171.28:8080/Symbol/Symbol/n4_jib_/n3_hwa_jang_sil_/ssis_eul_rae_yo_.png,집,0,0,0
양치질,http://220.69.171.28:8080/Symbol/Symbol/n4_jib_/n3_hwa_jang_sil_/yang_ci_jil_201_.png,집,0,0,0
욕조,http://220.69.171.28:8080/Symbol/Symbol/n4_jib_/n3_hwa_jang_sil_/yog_jo_.png,집,명사,0,0
잠가주세요,http://220.69.171.28:8080/Symbol/Symbol/n4_jib_/n3_hwa_jang_sil_/jam_ga_ju_se_yo_001_.png,집,0,0,0
잠가주세요,http://220.69.171.28:8080/Symbol/Symbol/n4_jib_/n3_hwa_jang_sil_/jam_ga_ju_se_yo_002_.png,집,0,0,0
짜요,http://220.69.171.28:8080/Symbol/Symbol/n4_jib_/n3_hwa_jang_sil_/jja_yo_003_.png,집,명사,0,0
차가운-물(냉수),http://220.69.171.28:8080/Symbol/Symbol/n4_jib_/n3_hwa_jang_sil_/ca_ga_un_mul_naeng_su_001_.png,집,0,0,0
차가운-물(냉수),http://220.69.171.28:8080/Symbol/Symbol/n4_jib_/n3_hwa_jang_sil_/ca_ga_un_mul_naeng_su_002_.png,집,0,0,0
치약,http://220.69.171.28:8080/Symbol/Symbol/n4_jib_/n3_hwa_jang_sil_/ci_yag_001_.png,집,명사,0,0
치약,http://220.69.171.28:8080/Symbol/Symbol/n4_jib_/n3_hwa_jang_sil_/ci_yag_002_.png,집,명사,0,0
칫솔,http://220.69.171.28:8080/Symbol/Symbol/n4_jib_/n3_hwa_jang_sil_/cis_sol_001_.png,집,명사,0,0
칫솔,http://220.69.171.28:8080/Symbol/Symbol/gif/cis_sol_.gif,집,명사,0,0
칫솔,http://220.69.171.28:8080/Symbol/Symbol/n4_jib_/n3_hwa_jang_sil_/cis_sol_002_.png,집,명사,0,0
크리넥스,http://220.69.171.28:8080/Symbol/Symbol/n4_jib_/n3_hwa_jang_sil_/keu_ri_neg_seu_001_.png,집,0,0,0
크리넥스,http://220.69.171.28:8080/Symbol/Symbol/n4_jib_/n3_hwa_jang_sil_/keu_ri_neg_seu_002_.png,집,0,0,0
틀어주세요,http://220.69.171.28:8080/Symbol/Symbol/n4_jib_/n3_hwa_jang_sil_/teul_eo_ju_se_yo_001_.png,집,0,0,0
틀어주세요,http://220.69.171.28:8080/Symbol/Symbol/n4_jib_/n3_hwa_jang_sil_/teul_eo_ju_se_yo_002_.png,집,0,0,0
헹궈주세요,http://220.69.171.28:8080/Symbol/Symbol/n4_jib_/n3_hwa_jang_sil_/heng_gweo_ju_se_yo_.png,집,0,0,0
화장실,http://220.69.171.28:8080/Symbol/Symbol/n4_jib_/n3_hwa_jang_sil_/hwa_jang_sil_001_.png,집,0,0,0
화장실,http://220.69.171.28:8080/Symbol/Symbol/n4_jib_/n3_hwa_jang_sil_/hwa_jang_sil_002_.png,집,0,0,0
화장실,http://220.69.171.28:8080/Symbol/Symbol/n4_jib_/n3_hwa_jang_sil_/hwa_jang_sil_003_.png,집,0,0,0
화장실,http://220.69.171.28:8080/Symbol/Symbol/n4_jib_/n3_hwa_jang_sil_/hwa_jang_sil_201_.png,집,0,0,0
휴지,http://220.69.171.28:8080/Symbol/Symbol/additional/hwa_jang_ji_.png,집,명사,0,0
과도,http://220.69.171.28:8080/Symbol/Symbol/n4_jib_/n4_bu_eok_sig_gi_/gwa_do_.png,집,명사,0,0
그릇,http://220.69.171.28:8080/Symbol/Symbol/n4_jib_/n4_bu_eok_sig_gi_/geu_reus_.png,집,명사,0,0
꺼내요,http://220.69.171.28:8080/Symbol/Symbol/n4_jib_/n4_bu_eok_sig_gi_/ggeo_nae_yo_002_1.png,집,0,0,0
내려주세요,http://220.69.171.28:8080/Symbol/Symbol/n4_jib_/n4_bu_eok_sig_gi_/nae_ryeo_ju_se_yo_001_.png,집,0,0,0
내려주세요,http://220.69.171.28:8080/Symbol/Symbol/n4_jib_/n4_bu_eok_sig_gi_/nae_ryeo_ju_se_yo_002_.png,집,0,0,0
냄비받침,http://220.69.171.28:8080/Symbol/Symbol/n4_jib_/n4_bu_eok_sig_gi_/naem_bi_bad_cim_.png,집,명사,0,0
냅킨,http://220.69.171.28:8080/Symbol/Symbol/n4_jib_/n4_bu_eok_sig_gi_/naeb_kin_.png,집,명사,0,0
냉동시켜요,http://220.69.171.28:8080/Symbol/Symbol/n4_jib_/n4_bu_eok_sig_gi_/naeng_dong_si_kyeo_yo_.png,집,0,0,0
너무,http://220.69.171.28:8080/Symbol/Symbol/n4_jib_/n4_bu_eok_sig_gi_/neo_mu_2.png,집,명사,0,0
놓아요,http://220.69.171.28:8080/Symbol/Symbol/n4_jib_/n4_bu_eok_sig_gi_/noh_a_yo_002_.png,집,0,0,0
다른거,http://220.69.171.28:8080/Symbol/Symbol/n4_jib_/n4_bu_eok_sig_gi_/da_reun_geo_001_.png,집,0,0,0
다른거,http://220.69.171.28:8080/Symbol/Symbol/n4_jib_/n4_bu_eok_sig_gi_/da_reun_geo_002_.png,집,0,0,0
담아요,http://220.69.171.28:8080/Symbol/Symbol/n4_jib_/n4_bu_eok_sig_gi_/dam_a_yo_.png,집,0,0,0
데워요,http://220.69.171.28:8080/Symbol/Symbol/n4_jib_/n4_bu_eok_sig_gi_/de_weo_yo_.png,집,0,0,0
뒤집어요,http://220.69.171.28:8080/Symbol/Symbol/n4_jib_/n4_bu_eok_sig_gi_/dwi_jib_eo_yo_.png,집,0,0,0
따라주세요,http://220.69.171.28:8080/Symbol/Symbol/n4_jib_/n4_bu_eok_sig_gi_/dda_ra_ju_se_yo_.png,집,0,0,0
떠요,http://220.69.171.28:8080/Symbol/Symbol/n4_jib_/n4_bu_eok_sig_gi_/ddeo_yo_.png,집,명사,0,0
뚜껑,http://220.69.171.28:8080/Symbol/Symbol/n4_jib_/n4_bu_eok_sig_gi_/ddu_ggeong_.png,집,명사,0,0
뚜껑을닫아요,http://220.69.171.28:8080/Symbol/Symbol/n4_jib_/n4_bu_eok_sig_gi_/ddu_ggeong_eul_dad_a_yo_.png,집,0,0,0
뚜껑을열어요,http://220.69.171.28:8080/Symbol/Symbol/n4_jib_/n4_bu_eok_sig_gi_/ddu_ggeong_eul_yeol_eo_yo_.png,집,0,0,0
뜨거워요,http://220.69.171.28:8080/Symbol/Symbol/n4_jib_/n4_bu_eok_sig_gi_/ddeu_geo_weo_yo_.png,집,0,0,0
볶아요,http://220.69.171.28:8080/Symbol/Symbol/n4_jib_/n4_bu_eok_sig_gi_/bogg_a_yo_.png,집,0,0,0
부엌,http://220.69.171.28:8080/Symbol/Symbol/n4_jib_/n4_bu_eok_sig_gi_/bu_eok_2.png,집,명사,0,0
부엌,http://220.69.171.28:8080/Symbol/Symbol/n4_jib_/n4_bu_eok_sig_gi_/bu_eok_201_.png,집,명사,0,0
빨대,http://220.69.171.28:8080/Symbol/Symbol/n4_jib_/n4_bu_eok_sig_gi_/bbal_dae_2.png,집,명사,0,0
삶아요,http://220.69.171.28:8080/Symbol/Symbol/n4_jib_/n4_bu_eok_sig_gi_/salm_a_yo_.png,집,0,0,0
상을차려요,http://220.69.171.28:8080/Symbol/Symbol/n4_jib_/n4_bu_eok_sig_gi_/sang_eul_ca_ryeo_yo_.png,집,0,0,0
설거지,http://220.69.171.28:8080/Symbol/Symbol/n4_jib_/n4_bu_eok_sig_gi_/seol_geo_ji_201_.png,집,0,0,0
설거지해요,http://220.69.171.28:8080/Symbol/Symbol/n4_jib_/n4_bu_eok_sig_gi_/seol_geo_ji_hae_yo_.png,집,0,0,0
손잡이,http://220.69.171.28:8080/Symbol/Symbol/n4_jib_/n4_bu_eok_sig_gi_/son_jab_i_.png,집,0,0,0
수세미,http://220.69.171.28:8080/Symbol/Symbol/n4_jib_/n4_bu_eok_sig_gi_/su_se_mi_.png,집,0,0,0
수세미,http://220.69.171.28:8080/Symbol/Symbol/n4_jib_/n4_bu_eok_sig_gi_/su_se_mi_201_.png,집,0,0,0
써요,http://220.69.171.28:8080/Symbol/Symbol/n4_jib_/n4_bu_eok_sig_gi_/sseo_yo_001_2.png,집,명사,0,0
써요,http://220.69.171.28:8080/Symbol/Symbol/n4_jib_/n4_bu_eok_sig_gi_/sseo_yo_002_.png,집,명사,0,0
쏟아요,http://220.69.171.28:8080/Symbol/Symbol/n4_jib_/n4_bu_eok_sig_gi_/ssod_a_yo_.png,집,0,0,0
아침,http://220.69.171.28:8080/Symbol/Symbol/n4_jib_/n4_bu_eok_sig_gi_/a_cim_.png,집,명사,0,0
양념,http://220.69.171.28:8080/Symbol/Symbol/n4_jib_/n4_bu_eok_sig_gi_/yang_nyeom_2.png,집,명사,0,0
양념,http://220.69.171.28:8080/Symbol/Symbol/n4_jib_/n4_bu_eok_sig_gi_/yang_nyeom_201_.png,집,명사,0,0
엎지르다,http://220.69.171.28:8080/Symbol/Symbol/n4_jib_/n4_bu_eok_sig_gi_/eop_ji_reu_da_.png,집,0,0,0
요리해,http://220.69.171.28:8080/Symbol/Symbol/n4_jib_/n4_bu_eok_sig_gi_/yo_ri_hae_201_.png,집,0,0,0
요리해요,http://220.69.171.28:8080/Symbol/Symbol/n4_jib_/n4_bu_eok_sig_gi_/yo_ri_hae_yo_.png,집,0,0,0
이를닦아요,http://220.69.171.28:8080/Symbol/Symbol/n4_jib_/n4_bu_eok_sig_gi_/i_reul_dagg_a_yo_1.png,집,0,0,0
쟁반,http://220.69.171.28:8080/Symbol/Symbol/n4_jib_/n4_bu_eok_sig_gi_/jaeng_ban_.png,집,명사,0,0
저녁,http://220.69.171.28:8080/Symbol/Symbol/n4_jib_/n4_bu_eok_sig_gi_/jeo_nyeog_.png,집,명사,0,0
저어요,http://220.69.171.28:8080/Symbol/Symbol/n4_jib_/n4_bu_eok_sig_gi_/jeo_eo_yo_.png,집,0,0,0
점심,http://220.69.171.28:8080/Symbol/Symbol/n4_jib_/n4_bu_eok_sig_gi_/jeom_sim_.png,집,명사,0,0
정리해요,http://220.69.171.28:8080/Symbol/Symbol/n4_jib_/n4_bu_eok_sig_gi_/jeong_ri_hae_yo_002_.png,집,0,0,0
조여요,http://220.69.171.28:8080/Symbol/Symbol/n4_jib_/n4_bu_eok_sig_gi_/jo_yeo_yo_1.png,집,0,0,0
주걱,http://220.69.171.28:8080/Symbol/Symbol/n4_jib_/n4_bu_eok_sig_gi_/ju_geog_.png,집,명사,0,0
해동해요,http://220.69.171.28:8080/Symbol/Symbol/n4_jib_/n4_bu_eok_sig_gi_/hae_dong_hae_yo_.png,집,0,0,0
행주,http://220.69.171.28:8080/Symbol/Symbol/n4_jib_/n4_bu_eok_sig_gi_/haeng_ju_001_.png,집,명사,0,0
행주,http://220.69.171.28:8080/Symbol/Symbol/n4_jib_/n4_bu_eok_sig_gi_/haeng_ju_002_.png,집,명사,0,0
헹궈요,http://220.69.171.28:8080/Symbol/Symbol/n4_jib_/n4_bu_eok_sig_gi_/heng_gweo_yo_003_.png,집,0,0,0
후식,http://220.69.171.28:8080/Symbol/Symbol/n4_jib_/n4_bu_eok_sig_gi_/hu_sig_.png,집,명사,0,0
갈아입어요,http://220.69.171.28:8080/Symbol/Symbol/n4_jib_/n5_os_/gal_a_ib_eo_yo_.png,집,0,0,0
갈아주세요,http://220.69.171.28:8080/Symbol/Symbol/n4_jib_/n5_os_/gal_a_ju_se_yo_001_2.png,집,0,0,0
갈아주세요,http://220.69.171.28:8080/Symbol/Symbol/n4_jib_/n5_os_/gal_a_ju_se_yo_002_2.png,집,0,0,0
거울,http://220.69.171.28:8080/Symbol/Symbol/n4_jib_/n5_os_/geo_ul_2.png,집,명사,0,0
걸어요,http://220.69.171.28:8080/Symbol/Symbol/n4_jib_/n5_os_/geol_eo_yo_001_.png,집,0,0,0
골라요,http://220.69.171.28:8080/Symbol/Symbol/n4_jib_/n5_os_/gol_ra_yo_001_.png,집,0,0,0
골라요,http://220.69.171.28:8080/Symbol/Symbol/n4_jib_/n5_os_/gol_ra_yo_002_.png,집,0,0,0
구두,http://220.69.171.28:8080/Symbol/Symbol/n4_jib_/n5_os_/gu_du_001_.png,집,명사,0,0
구두,http://220.69.171.28:8080/Symbol/Symbol/n4_jib_/n5_os_/gu_du_002_.png,집,명사,0,0
구두,http://220.69.171.28:8080/Symbol/Symbol/n4_jib_/n5_os_/gu_du_201_.png,집,명사,0,0
구멍났어요,http://220.69.171.28:8080/Symbol/Symbol/n4_jib_/n5_os_/gu_meong_nass_eo_yo_.png,집,0,0,0
기저귀,http://220.69.171.28:8080/Symbol/Symbol/n4_jib_/n5_os_/gi_jeo_gwi_001_.png,집,0,0,0
기저귀,http://220.69.171.28:8080/Symbol/Symbol/n4_jib_/n5_os_/gi_jeo_gwi_002_.png,집,0,0,0
기저귀,http://220.69.171.28:8080/Symbol/Symbol/n4_jib_/n5_os_/gi_jeo_gwi_201_.png,집,0,0,0
긴-바지,http://220.69.171.28:8080/Symbol/Symbol/n4_jib_/n5_os_/gin_ba_ji_.png,집,0,0,0
긴팔,http://220.69.171.28:8080/Symbol/Symbol/n4_jib_/n5_os_/gin_pal_001_.png,집,명사,0,0
긴팔,http://220.69.171.28:8080/Symbol/Symbol/n4_jib_/n5_os_/gin_pal_002_.png,집,명사,0,0
끼워주세요,http://220.69.171.28:8080/Symbol/Symbol/n4_jib_/n5_os_/ggi_weo_ju_se_yo_001_.png,집,0,0,0
끼워주세요,http://220.69.171.28:8080/Symbol/Symbol/n4_jib_/n5_os_/ggi_weo_ju_se_yo_002_.png,집,0,0,0
남자수영복,http://220.69.171.28:8080/Symbol/Symbol/n4_jib_/n5_os_/nam_ja_su_yeong_bog_001_.png,집,0,0,0
남자수영복,http://220.69.171.28:8080/Symbol/Symbol/n4_jib_/n5_os_/nam_ja_su_yeong_bog_002_.png,집,0,0,0
내복,http://220.69.171.28:8080/Symbol/Symbol/n4_jib_/n5_os_/nae_bog_001_.png,집,명사,0,0
내복,http://220.69.171.28:8080/Symbol/Symbol/n4_jib_/n5_os_/nae_bog_002_.png,집,명사,0,0
내복,http://220.69.171.28:8080/Symbol/Symbol/n4_jib_/n5_os_/nae_bog_201_.png,집,명사,0,0
넥타이,http://220.69.171.28:8080/Symbol/Symbol/n4_jib_/n5_os_/neg_ta_i_.png,집,0,0,0
단추,http://220.69.171.28:8080/Symbol/Symbol/n4_jib_/n5_os_/dan_cu_.png,집,명사,0,0
단추,http://220.69.171.28:8080/Symbol/Symbol/n4_jib_/n5_os_/dan_cu_201_.png,집,명사,0,0
레인부츠,http://220.69.171.28:8080/Symbol/Symbol/n4_jib_/n5_os_/re_in_bu_ceu_201_.png,집,0,0,0
맞아요,http://220.69.171.28:8080/Symbol/Symbol/n4_jib_/n5_os_/maj_a_yo_2.png,집,0,0,0
매요,http://220.69.171.28:8080/Symbol/Symbol/n4_jib_/n5_os_/mae_yo_.png,집,명사,0,0
머리띠,http://220.69.171.28:8080/Symbol/Symbol/n4_jib_/n5_os_/meo_ri_ddi_.png,집,0,0,0
멜빵바지,http://220.69.171.28:8080/Symbol/Symbol/n4_jib_/n5_os_/mel_bbang_ba_ji_.png,집,0,0,0
목도리,http://220.69.171.28:8080/Symbol/Symbol/n4_jib_/n5_os_/mog_do_ri_.png,집,0,0,0
목도리,http://220.69.171.28:8080/Symbol/Symbol/n4_jib_/n5_os_/mog_do_ri_201_.png,집,0,0,0
묶어요,http://220.69.171.28:8080/Symbol/Symbol/n4_jib_/n5_os_/mugg_eo_yo_.png,집,0,0,0
묶어주세요,http://220.69.171.28:8080/Symbol/Symbol/n4_jib_/n5_os_/mugg_eo_ju_se_yo_001_.png,집,0,0,0
묶어주세요,http://220.69.171.28:8080/Symbol/Symbol/n4_jib_/n5_os_/mugg_eo_ju_se_yo_002_.png,집,0,0,0
바지,http://220.69.171.28:8080/Symbol/Symbol/n4_jib_/n5_os_/ba_ji_001_.png,집,명사,0,0
바지,http://220.69.171.28:8080/Symbol/Symbol/n4_jib_/n5_os_/ba_ji_002_.png,집,명사,0,0
반팔,http://220.69.171.28:8080/Symbol/Symbol/n4_jib_/n5_os_/ban_pal_001_.png,집,명사,0,0
반팔,http://220.69.171.28:8080/Symbol/Symbol/n4_jib_/n5_os_/ban_pal_002_.png,집,명사,0,0
배낭,http://220.69.171.28:8080/Symbol/Symbol/n4_jib_/n5_os_/bae_nang_.png,집,명사,0,0
벗을래요,http://220.69.171.28:8080/Symbol/Symbol/n4_jib_/n5_os_/beos_eul_rae_yo_001_.png,집,0,0,0
벗을래요,http://220.69.171.28:8080/Symbol/Symbol/n4_jib_/n5_os_/beos_eul_rae_yo_002_.png,집,0,0,0
브래지어,http://220.69.171.28:8080/Symbol/Symbol/n4_jib_/n5_os_/beu_rae_ji_eo_.png,집,0,0,0
비키니수영복,http://220.69.171.28:8080/Symbol/Symbol/n4_jib_/n5_os_/bi_ki_ni_su_yeong_bog_.png,집,0,0,0
빨아요,http://220.69.171.28:8080/Symbol/Symbol/n4_jib_/n5_os_/bbal_a_yo_2.png,집,0,0,0
서랍,http://220.69.171.28:8080/Symbol/Symbol/n4_jib_/n5_os_/seo_rab_.png,집,명사,0,0
서랍,http://220.69.171.28:8080/Symbol/Symbol/n4_jib_/n5_os_/seo_rab_201_.png,집,명사,0,0
셔츠,http://220.69.171.28:8080/Symbol/Symbol/n4_jib_/n5_os_/syeo_ceu_.png,집,명사,0,0
속옷,http://220.69.171.28:8080/Symbol/Symbol/n4_jib_/n5_os_/sog_os_.png,집,명사,0,0
손수건,http://220.69.171.28:8080/Symbol/Symbol/n4_jib_/n5_os_/son_su_geon_.png,집,0,0,0
수영복,http://220.69.171.28:8080/Symbol/Symbol/n4_jib_/n5_os_/su_yeong_bog_201_.png,집,0,0,0
스웨터,http://220.69.171.28:8080/Symbol/Symbol/n4_jib_/n5_os_/seu_we_teo_.png,집,0,0,0
슬리퍼,http://220.69.171.28:8080/Symbol/Symbol/n4_jib_/n5_os_/seul_ri_peo_201_.png,집,0,0,0
신발,http://220.69.171.28:8080/Symbol/Symbol/n4_jib_/n5_os_/sin_bal_001_.png,집,명사,0,0
신발,http://220.69.171.28:8080/Symbol/Symbol/n4_jib_/n5_os_/sin_bal_002_.png,집,명사,0,0
신발,http://220.69.171.28:8080/Symbol/Symbol/n4_jib_/n5_os_/sin_bal_201_.png,집,명사,0,0
신발끈을묶어주세요,http://220.69.171.28:8080/Symbol/Symbol/n4_jib_/n5_os_/sin_bal_ggeun_eul_mugg_eo_ju_se_yo_201_.png,집,0,0,0
양말,http://220.69.171.28:8080/Symbol/Symbol/n4_jib_/n5_os_/yang_mal_.png,집,명사,0,0
양말,http://220.69.171.28:8080/Symbol/Symbol/n4_jib_/n5_os_/yang_mal_201_.png,집,명사,0,0
양복,http://220.69.171.28:8080/Symbol/Symbol/n4_jib_/n5_os_/yang_bog_.png,집,명사,0,0
어울려요,http://220.69.171.28:8080/Symbol/Symbol/n4_jib_/n5_os_/eo_ul_ryeo_yo_.png,집,0,0,0
올려주세요,http://220.69.171.28:8080/Symbol/Symbol/n4_jib_/n5_os_/ol_ryeo_ju_se_yo_1.png,집,0,0,0
옷,http://220.69.171.28:8080/Symbol/Symbol/n4_jib_/n5_os_/os_001_.png,집,명사,0,0
옷,http://220.69.171.28:8080/Symbol/Symbol/n4_jib_/n5_os_/os_002_.png,집,명사,0,0
옷,http://220.69.171.28:8080/Symbol/Symbol/n4_jib_/n5_os_/os_201_.png,집,명사,0,0
옷걸이,http://220.69.171.28:8080/Symbol/Symbol/n4_jib_/n5_os_/os_geol_i_.png,집,0,0,0
옷걸이,http://220.69.171.28:8080/Symbol/Symbol/n4_jib_/n5_os_/os_geol_i_201_.png,집,0,0,0
옷을-벗어요,http://220.69.171.28:8080/Symbol/Symbol/n4_jib_/n5_os_/os_eul_beos_eo_yo_.png,집,0,0,0
옷을-입어요,http://220.69.171.28:8080/Symbol/Symbol/n4_jib_/n5_os_/os_eul_ib_eo_yo_.png,집,0,0,0
외투,http://220.69.171.28:8080/Symbol/Symbol/n4_jib_/n5_os_/oe_tu_201_.png,집,명사,0,0
우비,http://220.69.171.28:8080/Symbol/Symbol/n4_jib_/n5_os_/u_bi_.png,집,명사,0,0
원피스,http://220.69.171.28:8080/Symbol/Symbol/n4_jib_/n5_os_/weon_pi_seu_001_.png,집,0,0,0
원피스,http://220.69.171.28:8080/Symbol/Symbol/n4_jib_/n5_os_/weon_pi_seu_002_.png,집,0,0,0
원피스수영복,http://220.69.171.28:8080/Symbol/Symbol/n4_jib_/n5_os_/weon_pi_seu_su_yeong_bog_.png,집,0,0,0
위에,http://220.69.171.28:8080/Symbol/Symbol/n4_jib_/n5_os_/wi_e_.png,집,명사,0,0
입어요,http://220.69.171.28:8080/Symbol/Symbol/additional/ib_eo_yo_201_.png,집,0,0,0
입어요,http://220.69.171.28:8080/Symbol/Symbol/additional/ib_eo_yo_001_.png,집,0,0,0
입을래요,http://220.69.171.28:8080/Symbol/Symbol/n4_jib_/n5_os_/ib_eul_rae_yo_.png,집,0,0,0
잠바,http://220.69.171.28:8080/Symbol/Symbol/n4_jib_/n5_os_/jam_ba_001_.png,집,명사,0,0
잠바,http://220.69.171.28:8080/Symbol/Symbol/n4_jib_/n5_os_/jam_ba_002_.png,집,명사,0,0
잠옷,http://220.69.171.28:8080/Symbol/Symbol/n4_jib_/n5_os_/jam_os_001_.png,집,명사,0,0
잠옷,http://220.69.171.28:8080/Symbol/Symbol/n4_jib_/n5_os_/jam_os_002_.png,집,명사,0,0
잠옷,http://220.69.171.28:8080/Symbol/Symbol/n4_jib_/n5_os_/jam_os_201_.png,집,명사,0,0
조끼,http://220.69.171.28:8080/Symbol/Symbol/n4_jib_/n5_os_/jo_ggi_001_.png,집,명사,0,0
조끼,http://220.69.171.28:8080/Symbol/Symbol/n4_jib_/n5_os_/jo_ggi_002_.png,집,명사,0,0
지퍼,http://220.69.171.28:8080/Symbol/Symbol/n4_jib_/n5_os_/ji_peo_001_.png,집,명사,0,0
지퍼,http://220.69.171.28:8080/Symbol/Symbol/n4_jib_/n5_os_/ji_peo_002_.png,집,명사,0,0
청바지,http://220.69.171.28:8080/Symbol/Symbol/n4_jib_/n5_os_/ceong_ba_ji_.png,집,0,0,0
치마,http://220.69.171.28:8080/Symbol/Symbol/n4_jib_/n5_os_/ci_ma_.png,집,명사,0,0
코트,http://220.69.171.28:8080/Symbol/Symbol/n4_jib_/n5_os_/ko_teu_.png,집,명사,0,0
턱받이,http://220.69.171.28:8080/Symbol/Symbol/n4_jib_/n5_os_/teog_bad_i_.png,집,0,0,0
티셔츠,http://220.69.171.28:8080/Symbol/Symbol/n4_jib_/n5_os_/ti_syeo_ceu_001_.png,집,0,0,0
티셔츠,http://220.69.171.28:8080/Symbol/Symbol/n4_jib_/n5_os_/ti_syeo_ceu_002_.png,집,0,0,0
팬티,http://220.69.171.28:8080/Symbol/Symbol/n4_jib_/n5_os_/paen_ti_.png,집,명사,0,0
팬티,http://220.69.171.28:8080/Symbol/Symbol/n4_jib_/n5_os_/paen_ti_201_.png,집,명사,0,0
풀어주세요,http://220.69.171.28:8080/Symbol/Symbol/n4_jib_/n5_os_/pul_eo_ju_se_yo_.png,집,0,0,0
한복,http://220.69.171.28:8080/Symbol/Symbol/n4_jib_/n5_os_/han_bog_001_.png,집,명사,0,0
한복,http://220.69.171.28:8080/Symbol/Symbol/n4_jib_/n5_os_/han_bog_002_.png,집,명사,0,0
헐렁해요,http://220.69.171.28:8080/Symbol/Symbol/n4_jib_/n5_os_/heol_reong_hae_yo_.png,집,0,0,0
TV,http://220.69.171.28:8080/Symbol/Symbol/n4_jib_/n6_geo_sil_be_ran_da_/ztvz_001_2.png,집,명사,0,0
TV,http://220.69.171.28:8080/Symbol/Symbol/n4_jib_/n6_geo_sil_be_ran_da_/ztvz_002_2.png,집,명사,0,0
가꿔요,http://220.69.171.28:8080/Symbol/Symbol/n4_jib_/n6_geo_sil_be_ran_da_/ga_ggweo_yo_.png,집,0,0,0
그만볼래요,http://220.69.171.28:8080/Symbol/Symbol/n4_jib_/n6_geo_sil_be_ran_da_/geu_man_bol_rae_yo_.png,집,0,0,0
그만할래요,http://220.69.171.28:8080/Symbol/Symbol/n4_jib_/n6_geo_sil_be_ran_da_/geu_man_hal_rae_yo_001_.png,집,0,0,0
그만할래요,http://220.69.171.28:8080/Symbol/Symbol/n4_jib_/n6_geo_sil_be_ran_da_/geu_man_hal_rae_yo_002_.png,집,0,0,0
깜깜해요,http://220.69.171.28:8080/Symbol/Symbol/n4_jib_/n6_geo_sil_be_ran_da_/ggam_ggam_hae_yo_.png,집,0,0,0
꺼,http://220.69.171.28:8080/Symbol/Symbol/n4_jib_/n6_geo_sil_be_ran_da_/ggeo_201_.png,집,명사,0,0
꺼요,http://220.69.171.28:8080/Symbol/Symbol/n4_jib_/n6_geo_sil_be_ran_da_/ggeo_yo_001_.png,집,명사,0,0
꺼요,http://220.69.171.28:8080/Symbol/Symbol/n4_jib_/n6_geo_sil_be_ran_da_/ggeo_yo_002_.png,집,명사,0,0
꽃,http://220.69.171.28:8080/Symbol/Symbol/n4_jib_/n6_geo_sil_be_ran_da_/ggoc_001_.png,집,명사,0,0
꽃,http://220.69.171.28:8080/Symbol/Symbol/n4_jib_/n6_geo_sil_be_ran_da_/ggoc_002_.png,집,명사,0,0
꽃,http://220.69.171.28:8080/Symbol/Symbol/n4_jib_/n6_geo_sil_be_ran_da_/ggoc_003_.png,집,명사,0,0
나가요,http://220.69.171.28:8080/Symbol/Symbol/n4_jib_/n6_geo_sil_be_ran_da_/na_ga_yo_.png,집,0,0,0
난로,http://220.69.171.28:8080/Symbol/Symbol/n4_jib_/n6_geo_sil_be_ran_da_/nan_ro_.png,집,명사,0,0
난초,http://220.69.171.28:8080/Symbol/Symbol/n4_jib_/n6_geo_sil_be_ran_da_/nan_co_.png,집,명사,0,0
넣을래요,http://220.69.171.28:8080/Symbol/Symbol/n4_jib_/n6_geo_sil_be_ran_da_/neoh_eul_rae_yo_.png,집,0,0,0
눈부셔요,http://220.69.171.28:8080/Symbol/Symbol/n4_jib_/n6_geo_sil_be_ran_da_/nun_bu_syeo_yo_.png,집,0,0,0
다시할래요,http://220.69.171.28:8080/Symbol/Symbol/n4_jib_/n6_geo_sil_be_ran_da_/da_si_hal_rae_yo_.png,집,0,0,0
다음,http://220.69.171.28:8080/Symbol/Symbol/n4_jib_/n6_geo_sil_be_ran_da_/da_eum_2.png,집,명사,0,0
닫아주세요,http://220.69.171.28:8080/Symbol/Symbol/n4_jib_/n6_geo_sil_be_ran_da_/dad_a_ju_se_yo_001_1.png,집,0,0,0
닫아주세요,http://220.69.171.28:8080/Symbol/Symbol/n4_jib_/n6_geo_sil_be_ran_da_/dad_a_ju_se_yo_002_1.png,집,0,0,0
더볼래요,http://220.69.171.28:8080/Symbol/Symbol/n4_jib_/n6_geo_sil_be_ran_da_/deo_bol_rae_yo_.png,집,0,0,0
돌려요,http://220.69.171.28:8080/Symbol/Symbol/n4_jib_/n6_geo_sil_be_ran_da_/dol_ryeo_yo_1.png,집,0,0,0
뒤로감아주세요,http://220.69.171.28:8080/Symbol/Symbol/n4_jib_/n6_geo_sil_be_ran_da_/dwi_ro_gam_a_ju_se_yo_.png,집,0,0,0
드라마,http://220.69.171.28:8080/Symbol/Symbol/n4_jib_/n6_geo_sil_be_ran_da_/deu_ra_ma_.png,집,0,0,0
들어요,http://220.69.171.28:8080/Symbol/Symbol/n4_jib_/n6_geo_sil_be_ran_da_/deul_eo_yo_001_2.png,집,0,0,0
들어요,http://220.69.171.28:8080/Symbol/Symbol/n4_jib_/n6_geo_sil_be_ran_da_/deul_eo_yo_002_2.png,집,0,0,0
또볼래요,http://220.69.171.28:8080/Symbol/Symbol/n4_jib_/n6_geo_sil_be_ran_da_/ddo_bol_rae_yo_.png,집,0,0,0
만화,http://220.69.171.28:8080/Symbol/Symbol/n4_jib_/n6_geo_sil_be_ran_da_/man_hwa_.png,집,명사,0,0
물뿌리개,http://220.69.171.28:8080/Symbol/Symbol/n4_jib_/n6_geo_sil_be_ran_da_/mul_bbu_ri_gae_.png,집,0,0,0
물줄래요,http://220.69.171.28:8080/Symbol/Symbol/n4_jib_/n6_geo_sil_be_ran_da_/mul_jul_rae_yo_.png,집,0,0,0
블라인드,http://220.69.171.28:8080/Symbol/Symbol/n4_jib_/n6_geo_sil_be_ran_da_/beul_ra_in_deu_.png,집,0,0,0
블라인드,http://220.69.171.28:8080/Symbol/Symbol/n4_jib_/n6_geo_sil_be_ran_da_/beul_ra_in_deu_201_.png,집,0,0,0
비디오,http://220.69.171.28:8080/Symbol/Symbol/n4_jib_/n6_geo_sil_be_ran_da_/bi_di_o_2.png,집,0,0,0
뺄래요,http://220.69.171.28:8080/Symbol/Symbol/n4_jib_/n6_geo_sil_be_ran_da_/bbael_rae_yo_.png,집,0,0,0
선풍기,http://220.69.171.28:8080/Symbol/Symbol/n4_jib_/n6_geo_sil_be_ran_da_/seon_pung_gi_.png,집,0,0,0
선풍기,http://220.69.171.28:8080/Symbol/Symbol/n4_jib_/n6_geo_sil_be_ran_da_/seon_pung_gi_201_.png,집,0,0,0
소파,http://220.69.171.28:8080/Symbol/Symbol/n4_jib_/n6_geo_sil_be_ran_da_/so_pa_001_.png,집,명사,0,0
소파,http://220.69.171.28:8080/Symbol/Symbol/n4_jib_/n6_geo_sil_be_ran_da_/so_pa_002_.png,집,명사,0,0
앉을래요,http://220.69.171.28:8080/Symbol/Symbol/n4_jib_/n6_geo_sil_be_ran_da_/anj_eul_rae_yo_001_.png,집,0,0,0
앉을래요,http://220.69.171.28:8080/Symbol/Symbol/n4_jib_/n6_geo_sil_be_ran_da_/anj_eul_rae_yo_002_.png,집,0,0,0
앞으로감아주세요,http://220.69.171.28:8080/Symbol/Symbol/n4_jib_/n6_geo_sil_be_ran_da_/ap_eu_ro_gam_a_ju_se_yo_.png,집,0,0,0
에어컨,http://220.69.171.28:8080/Symbol/Symbol/n4_jib_/n6_geo_sil_be_ran_da_/e_eo_keon_2.png,집,0,0,0
에어컨,http://220.69.171.28:8080/Symbol/Symbol/n4_jib_/n6_geo_sil_be_ran_da_/e_eo_keon_201_.png,집,0,0,0
올려요,http://220.69.171.28:8080/Symbol/Symbol/n4_jib_/n6_geo_sil_be_ran_da_/ol_ryeo_yo_.png,집,0,0,0
이거,http://220.69.171.28:8080/Symbol/Symbol/n4_jib_/n6_geo_sil_be_ran_da_/i_geo_.png,집,명사,0,0
재능방송,http://220.69.171.28:8080/Symbol/Symbol/n4_jib_/n6_geo_sil_be_ran_da_/jae_neung_bang_song_001_.png,집,0,0,0
재능방송,http://220.69.171.28:8080/Symbol/Symbol/n4_jib_/n6_geo_sil_be_ran_da_/jae_neung_bang_song_002_.png,집,0,0,0
전화,http://220.69.171.28:8080/Symbol/Symbol/n4_jib_/n6_geo_sil_be_ran_da_/jeon_hwa_.png,집,명사,0,0
전화,http://220.69.171.28:8080/Symbol/Symbol/n4_jib_/n6_geo_sil_be_ran_da_/jeon_hwa_201_.png,집,명사,0,0
줄여요,http://220.69.171.28:8080/Symbol/Symbol/n4_jib_/n6_geo_sil_be_ran_da_/jul_yeo_yo_.png,집,0,0,0
커튼,http://220.69.171.28:8080/Symbol/Symbol/n4_jib_/n6_geo_sil_be_ran_da_/keo_teun_.png,집,명사,0,0
커튼,http://220.69.171.28:8080/Symbol/Symbol/n4_jib_/n6_geo_sil_be_ran_da_/keo_teun_201_.png,집,명사,0,0
켜요,http://220.69.171.28:8080/Symbol/Symbol/n4_jib_/n6_geo_sil_be_ran_da_/kyeo_yo_001_.png,집,명사,0,0
켜요,http://220.69.171.28:8080/Symbol/Symbol/n4_jib_/n6_geo_sil_be_ran_da_/kyeo_yo_002_.png,집,명사,0,0
키워요,http://220.69.171.28:8080/Symbol/Symbol/n4_jib_/n6_geo_sil_be_ran_da_/ki_weo_yo_.png,집,0,0,0
테이프,http://220.69.171.28:8080/Symbol/Symbol/n4_jib_/n6_geo_sil_be_ran_da_/te_i_peu_.png,집,0,0,0
투니버스,http://220.69.171.28:8080/Symbol/Symbol/n4_jib_/n6_geo_sil_be_ran_da_/tu_ni_beo_seu_.png,집,0,0,0
틀어요,http://220.69.171.28:8080/Symbol/Symbol/n4_jib_/n6_geo_sil_be_ran_da_/teul_eo_yo_.png,집,0,0,0
틀어주세요,http://220.69.171.28:8080/Symbol/Symbol/n4_jib_/n6_geo_sil_be_ran_da_/teul_eo_ju_se_yo_1.png,집,0,0,0
화분,http://220.69.171.28:8080/Symbol/Symbol/n4_jib_/n6_geo_sil_be_ran_da_/hwa_bun_.png,집,명사,0,0
휴지통,http://220.69.171.28:8080/Symbol/Symbol/n4_jib_/n6_geo_sil_be_ran_da_/hyu_ji_tong_001_.png,집,0,0,0
휴지통,http://220.69.171.28:8080/Symbol/Symbol/n4_jib_/n6_geo_sil_be_ran_da_/hyu_ji_tong_002_.png,집,0,0,0
휴지통,http://220.69.171.28:8080/Symbol/Symbol/n4_jib_/n6_geo_sil_be_ran_da_/hyu_ji_tong_003_.png,집,0,0,0
CD,http://220.69.171.28:8080/Symbol/Symbol/n4_jib_/n7_bang_/zcdz_001_.png,집,명사,0,0
CD,http://220.69.171.28:8080/Symbol/Symbol/n4_jib_/n7_bang_/zcdz_002_.png,집,명사,0,0
CD,http://220.69.171.28:8080/Symbol/Symbol/n4_jib_/n7_bang_/zcdz_003_.png,집,명사,0,0
CD플레이어,http://220.69.171.28:8080/Symbol/Symbol/n4_jib_/n7_bang_/zcdz_peul_re_i_eo_.png,집,0,0,0
usb,http://220.69.171.28:8080/Symbol/Symbol/n4_jib_/n7_bang_/zusbz_.png,집,0,0,0
개요,http://220.69.171.28:8080/Symbol/Symbol/n4_jib_/n7_bang_/gae_yo_001_.png,집,명사,0,0
개요,http://220.69.171.28:8080/Symbol/Symbol/n4_jib_/n7_bang_/gae_yo_002_.png,집,명사,0,0
게임,http://220.69.171.28:8080/Symbol/Symbol/n4_jib_/n7_bang_/ge_im_.png,집,명사,0,0
공부,http://220.69.171.28:8080/Symbol/Symbol/n4_jib_/n7_bang_/gong_bu_001_.png,집,명사,0,0
공부,http://220.69.171.28:8080/Symbol/Symbol/n4_jib_/n7_bang_/gong_bu_002_.png,집,명사,0,0
꺼주세요,http://220.69.171.28:8080/Symbol/Symbol/n4_jib_/n7_bang_/ggeo_ju_se_yo_.png,집,0,0,0
꽂아요,http://220.69.171.28:8080/Symbol/Symbol/n4_jib_/n7_bang_/ggoj_a_yo_.png,집,0,0,0
나갈래요,http://220.69.171.28:8080/Symbol/Symbol/n4_jib_/n7_bang_/na_gal_rae_yo_001_.png,집,0,0,0
나갈래요,http://220.69.171.28:8080/Symbol/Symbol/n4_jib_/n7_bang_/na_gal_rae_yo_002_.png,집,0,0,0
넣어주세요,http://220.69.171.28:8080/Symbol/Symbol/n4_jib_/n7_bang_/neoh_eo_ju_se_yo_001_.png,집,0,0,0
넣어주세요,http://220.69.171.28:8080/Symbol/Symbol/n4_jib_/n7_bang_/neoh_eo_ju_se_yo_002_.png,집,0,0,0
놀래요,http://220.69.171.28:8080/Symbol/Symbol/n4_jib_/n7_bang_/nol_rae_yo_001_.png,집,0,0,0
놀래요,http://220.69.171.28:8080/Symbol/Symbol/n4_jib_/n7_bang_/nol_rae_yo_002_.png,집,0,0,0
누울래요,http://220.69.171.28:8080/Symbol/Symbol/n4_jib_/n7_bang_/nu_ul_rae_yo_.png,집,0,0,0
누울래요,http://220.69.171.28:8080/Symbol/Symbol/n4_jib_/n7_bang_/nu_ul_rae_yo_201_.png,집,0,0,0
눌러주세요,http://220.69.171.28:8080/Symbol/Symbol/n4_jib_/n7_bang_/nul_reo_ju_se_yo_001_.png,집,0,0,0
눌러주세요,http://220.69.171.28:8080/Symbol/Symbol/n4_jib_/n7_bang_/nul_reo_ju_se_yo_002_.png,집,0,0,0
다른방,http://220.69.171.28:8080/Symbol/Symbol/n4_jib_/n7_bang_/da_reun_bang_.png,집,0,0,0
다른방,http://220.69.171.28:8080/Symbol/Symbol/n4_jib_/n7_bang_/da_reun_bang_201_.png,집,0,0,0
들어갈래요,http://220.69.171.28:8080/Symbol/Symbol/n4_jib_/n7_bang_/deul_eo_gal_rae_yo_001_.png,집,0,0,0
들어갈래요,http://220.69.171.28:8080/Symbol/Symbol/n4_jib_/n7_bang_/deul_eo_gal_rae_yo_002_.png,집,0,0,0
또할래요,http://220.69.171.28:8080/Symbol/Symbol/n4_jib_/n7_bang_/ddo_hal_rae_yo_001_.png,집,0,0,0
또할래요,http://220.69.171.28:8080/Symbol/Symbol/n4_jib_/n7_bang_/ddo_hal_rae_yo_002_.png,집,0,0,0
로봇장난감,http://220.69.171.28:8080/Symbol/Symbol/n4_jib_/n7_bang_/ro_bos_jang_nan_gam_.png,집,명사,0,0
문,http://220.69.171.28:8080/Symbol/Symbol/n4_jib_/n7_bang_/mun_001_.png,집,명사,0,0
문,http://220.69.171.28:8080/Symbol/Symbol/n4_jib_/n7_bang_/mun_002_.png,집,명사,0,0
문,http://220.69.171.28:8080/Symbol/Symbol/n4_jib_/n7_bang_/mun_201_.png,집,명사,0,0
방,http://220.69.171.28:8080/Symbol/Symbol/n4_jib_/n7_bang_/bang_2.png,집,명사,0,0
베개,http://220.69.171.28:8080/Symbol/Symbol/n4_jib_/n7_bang_/be_gae_.png,집,명사,0,0
베개,http://220.69.171.28:8080/Symbol/Symbol/n4_jib_/n7_bang_/be_gae_201_.png,집,명사,0,0
부모님방,http://220.69.171.28:8080/Symbol/Symbol/n4_jib_/n7_bang_/bu_mo_nim_bang_.png,집,0,0,0
불,http://220.69.171.28:8080/Symbol/Symbol/n4_jib_/n7_bang_/bul_2.png,집,명사,0,0
스위치,http://220.69.171.28:8080/Symbol/Symbol/n4_jib_/n7_bang_/seu_wi_ci_2.png,집,0,0,0
스피커,http://220.69.171.28:8080/Symbol/Symbol/n4_jib_/n7_bang_/seu_pi_keo_1.png,집,0,0,0
시계,http://220.69.171.28:8080/Symbol/Symbol/n4_jib_/n7_bang_/si_gye_001_.png,집,명사,0,0
시계,http://220.69.171.28:8080/Symbol/Symbol/n4_jib_/n7_bang_/si_gye_002_.png,집,명사,0,0
시계,http://220.69.171.28:8080/Symbol/Symbol/gif/si_gye_.gif,집,명사,0,0
앉아요,http://220.69.171.28:8080/Symbol/Symbol/n4_jib_/n7_bang_/anj_a_yo_1.png,집,0,0,0
앉아요,http://220.69.171.28:8080/Symbol/Symbol/n4_jib_/n7_bang_/anj_a_yo_201_.png,집,0,0,0
알람,http://220.69.171.28:8080/Symbol/Symbol/n4_jib_/n7_bang_/al_ram_.png,집,명사,0,0
움직여요,http://220.69.171.28:8080/Symbol/Symbol/n4_jib_/n7_bang_/um_jig_yeo_yo_.png,집,0,0,0
이불,http://220.69.171.28:8080/Symbol/Symbol/n4_jib_/n7_bang_/i_bul_001_.png,집,명사,0,0
이불,http://220.69.171.28:8080/Symbol/Symbol/n4_jib_/n7_bang_/i_bul_002_.png,집,명사,0,0
이불,http://220.69.171.28:8080/Symbol/Symbol/n4_jib_/n7_bang_/i_bul_201_.png,집,명사,0,0
읽을래요,http://220.69.171.28:8080/Symbol/Symbol/n4_jib_/n7_bang_/ilg_eul_rae_yo_001_.png,집,0,0,0
읽을래요,http://220.69.171.28:8080/Symbol/Symbol/n4_jib_/n7_bang_/ilg_eul_rae_yo_002_.png,집,0,0,0
자고싶어요,http://220.69.171.28:8080/Symbol/Symbol/n4_jib_/n7_bang_/ja_go_sip_eo_yo_201_.png,집,0,0,0
작아요,http://220.69.171.28:8080/Symbol/Symbol/n4_jib_/n7_bang_/jag_a_yo_.png,집,0,0,0
종이,http://220.69.171.28:8080/Symbol/Symbol/n4_jib_/n7_bang_/jong_i_201_.png,집,명사,0,0
종이,http://220.69.171.28:8080/Symbol/Symbol/n4_jib_/n7_bang_/jong_i_.png,집,명사,0,0
지워요,http://220.69.171.28:8080/Symbol/Symbol/n4_jib_/n7_bang_/ji_weo_yo_.png,집,0,0,0
책,http://220.69.171.28:8080/Symbol/Symbol/n4_jib_/n7_bang_/caeg_001_.png,집,명사,0,0
책,http://220.69.171.28:8080/Symbol/Symbol/n4_jib_/n7_bang_/caeg_002_1.png,집,명사,0,0
책,http://220.69.171.28:8080/Symbol/Symbol/n4_jib_/n7_bang_/caeg_003_.png,집,명사,0,0
책장,http://220.69.171.28:8080/Symbol/Symbol/n4_jib_/n7_bang_/caeg_jang_.png,집,명사,0,0
책장,http://220.69.171.28:8080/Symbol/Symbol/n4_jib_/n7_bang_/caeg_jang_201_.png,집,명사,0,0
침대,http://220.69.171.28:8080/Symbol/Symbol/n4_jib_/n7_bang_/cim_dae_1.png,집,명사,0,0
침대보,http://220.69.171.28:8080/Symbol/Symbol/n4_jib_/n7_bang_/cim_dae_bo_001_.png,집,0,0,0
침대보,http://220.69.171.28:8080/Symbol/Symbol/n4_jib_/n7_bang_/cim_dae_bo_002_.png,집,0,0,0
커요,http://220.69.171.28:8080/Symbol/Symbol/n4_jib_/n7_bang_/keo_yo_.png,집,명사,0,0
컴퓨터,http://220.69.171.28:8080/Symbol/Symbol/n4_jib_/n7_bang_/keom_pyu_teo_1.png,집,0,0,0
켜주세요,http://220.69.171.28:8080/Symbol/Symbol/n4_jib_/n7_bang_/kyeo_ju_se_yo_1.png,집,0,0,0
키보드,http://220.69.171.28:8080/Symbol/Symbol/n4_jib_/n7_bang_/ki_bo_deu_1.png,집,0,0,0
털어요,http://220.69.171.28:8080/Symbol/Symbol/n4_jib_/n7_bang_/teol_eo_yo_.png,집,0,0,0
꺼내요,http://220.69.171.28:8080/Symbol/Symbol/n4_jib_/n8_hyeon_gwan_/ggeo_nae_yo_001_.png,집,0,0,0
꺼내요,http://220.69.171.28:8080/Symbol/Symbol/n4_jib_/n8_hyeon_gwan_/ggeo_nae_yo_002_2.png,집,0,0,0
닫아요,http://220.69.171.28:8080/Symbol/Symbol/n4_jib_/n8_hyeon_gwan_/dad_a_yo_.png,집,0,0,0
도어락,http://220.69.171.28:8080/Symbol/Symbol/n4_jib_/n8_hyeon_gwan_/do_eo_rag_201_.png,집,0,0,0
도어락비밀번호,http://220.69.171.28:8080/Symbol/Symbol/n4_jib_/n8_hyeon_gwan_/do_eo_rag_bi_mil_beon_ho_201_.png,집,0,0,0
벗어요,http://220.69.171.28:8080/Symbol/Symbol/n4_jib_/n8_hyeon_gwan_/beos_eo_yo_001_.png,집,0,0,0
벗어요,http://220.69.171.28:8080/Symbol/Symbol/n4_jib_/n8_hyeon_gwan_/beos_eo_yo_002_.png,집,0,0,0
신문,http://220.69.171.28:8080/Symbol/Symbol/n4_jib_/n8_hyeon_gwan_/sin_mun_.png,집,명사,0,0
신발-신겨주세요,http://220.69.171.28:8080/Symbol/Symbol/n4_jib_/n8_hyeon_gwan_/sin_bal_sin_gyeo_ju_se_yo_001_.png,집,0,0,0
신발-신겨주세요,http://220.69.171.28:8080/Symbol/Symbol/n4_jib_/n8_hyeon_gwan_/sin_bal_sin_gyeo_ju_se_yo_002_.png,집,0,0,0
신발장,http://220.69.171.28:8080/Symbol/Symbol/n4_jib_/n8_hyeon_gwan_/sin_bal_jang_.png,집,0,0,0
신발주머니,http://220.69.171.28:8080/Symbol/Symbol/n4_jib_/n8_hyeon_gwan_/sin_bal_ju_meo_ni_001_.png,집,0,0,0
신발주머니,http://220.69.171.28:8080/Symbol/Symbol/n4_jib_/n8_hyeon_gwan_/sin_bal_ju_meo_ni_002_.png,집,0,0,0
열쇠,http://220.69.171.28:8080/Symbol/Symbol/n4_jib_/n8_hyeon_gwan_/yeol_soe_2.png,집,명사,0,0
우산,http://220.69.171.28:8080/Symbol/Symbol/n4_jib_/n8_hyeon_gwan_/u_san_.png,집,명사,0,0
우산,http://220.69.171.28:8080/Symbol/Symbol/n4_jib_/n8_hyeon_gwan_/u_san_202_.png,집,명사,0,0
우산-좀-빌려-주세요,http://220.69.171.28:8080/Symbol/Symbol/n4_jib_/n8_hyeon_gwan_/u_san_jom_bil_ryeo_ju_se_yo_001_.png,집,0,0,0
우산-좀-빌려-주세요,http://220.69.171.28:8080/Symbol/Symbol/n4_jib_/n8_hyeon_gwan_/u_san_jom_bil_ryeo_ju_se_yo_002_.png,집,0,0,0
접어요,http://220.69.171.28:8080/Symbol/Symbol/n4_jib_/n8_hyeon_gwan_/jeob_eo_yo_001_.png,집,0,0,0
접어요,http://220.69.171.28:8080/Symbol/Symbol/n4_jib_/n8_hyeon_gwan_/jeob_eo_yo_002_.png,집,0,0,0
접어주세요,http://220.69.171.28:8080/Symbol/Symbol/n4_jib_/n8_hyeon_gwan_/jeob_eo_ju_se_yo_001_.png,집,0,0,0
접어주세요,http://220.69.171.28:8080/Symbol/Symbol/n4_jib_/n8_hyeon_gwan_/jeob_eo_ju_se_yo_002_.png,집,0,0,0
초인종,http://220.69.171.28:8080/Symbol/Symbol/n4_jib_/n8_hyeon_gwan_/co_in_jong_.png,집,0,0,0
펴요,http://220.69.171.28:8080/Symbol/Symbol/n4_jib_/n8_hyeon_gwan_/pyeo_yo_001_1.png,집,명사,0,0
펴요,http://220.69.171.28:8080/Symbol/Symbol/n4_jib_/n8_hyeon_gwan_/pyeo_yo_002_1.png,집,명사,0,0
가방,http://220.69.171.28:8080/Symbol/Symbol/n4_jib_/n9_mom_ci_jang_ha_gi_/ga_bang_002_.png,집,명사,0,0
가방,http://220.69.171.28:8080/Symbol/Symbol/n4_jib_/n9_mom_ci_jang_ha_gi_/ga_bang_201_.png,집,명사,0,0
거울,http://220.69.171.28:8080/Symbol/Symbol/n4_jib_/n9_mom_ci_jang_ha_gi_/geo_ul_001_.png,집,명사,0,0
거울,http://220.69.171.28:8080/Symbol/Symbol/n4_jib_/n9_mom_ci_jang_ha_gi_/geo_ul_002_.png,집,명사,0,0
귀걸이,http://220.69.171.28:8080/Symbol/Symbol/n4_jib_/n9_mom_ci_jang_ha_gi_/gwi_geol_i_001_.png,집,0,0,0
귀걸이,http://220.69.171.28:8080/Symbol/Symbol/n4_jib_/n9_mom_ci_jang_ha_gi_/gwi_geol_i_002_.png,집,0,0,0
금,http://220.69.171.28:8080/Symbol/Symbol/n4_jib_/n9_mom_ci_jang_ha_gi_/geum_.png,집,명사,0,0
깎아주세요,http://220.69.171.28:8080/Symbol/Symbol/n4_jib_/n9_mom_ci_jang_ha_gi_/ggagg_a_ju_se_yo_.png,집,0,0,0
나비넥타이,http://220.69.171.28:8080/Symbol/Symbol/n4_jib_/n9_mom_ci_jang_ha_gi_/na_bi_neg_ta_i_201_.png,집,0,0,0
다이아몬드,http://220.69.171.28:8080/Symbol/Symbol/n4_jib_/n9_mom_ci_jang_ha_gi_/da_i_a_mon_deu_.png,집,0,0,0
다이아몬드,http://220.69.171.28:8080/Symbol/Symbol/n4_jib_/n9_mom_ci_jang_ha_gi_/da_i_a_mon_deu_201_.png,집,0,0,0
단추를-끼워요,http://220.69.171.28:8080/Symbol/Symbol/n4_jib_/n9_mom_ci_jang_ha_gi_/dan_cu_reul_ggi_weo_yo_003_.png,집,0,0,0
단추를-풀어요,http://220.69.171.28:8080/Symbol/Symbol/n4_jib_/n9_mom_ci_jang_ha_gi_/dan_cu_reul_pul_eo_yo_003_.png,집,0,0,0
단추를끼워요,http://220.69.171.28:8080/Symbol/Symbol/n4_jib_/n9_mom_ci_jang_ha_gi_/dan_cu_reul_ggi_weo_yo_001_.png,집,0,0,0
단추를끼워요,http://220.69.171.28:8080/Symbol/Symbol/n4_jib_/n9_mom_ci_jang_ha_gi_/dan_cu_reul_ggi_weo_yo_002_.png,집,0,0,0
단추를끼워요,http://220.69.171.28:8080/Symbol/Symbol/n4_jib_/n9_mom_ci_jang_ha_gi_/dan_cu_reul_ggi_weo_yo_201_.png,집,0,0,0
단추를풀어요,http://220.69.171.28:8080/Symbol/Symbol/n4_jib_/n9_mom_ci_jang_ha_gi_/dan_cu_reul_pul_eo_yo_001_.png,집,0,0,0
단추를풀어요,http://220.69.171.28:8080/Symbol/Symbol/n4_jib_/n9_mom_ci_jang_ha_gi_/dan_cu_reul_pul_eo_yo_002_.png,집,0,0,0
드라이기,http://220.69.171.28:8080/Symbol/Symbol/n4_jib_/n9_mom_ci_jang_ha_gi_/deu_ra_i_gi_.png,집,0,0,0
로션,http://220.69.171.28:8080/Symbol/Symbol/n4_jib_/n9_mom_ci_jang_ha_gi_/ro_syeon_001_.png,집,명사,0,0
로션,http://220.69.171.28:8080/Symbol/Symbol/n4_jib_/n9_mom_ci_jang_ha_gi_/ro_syeon_002_.png,집,명사,0,0
립스틱,http://220.69.171.28:8080/Symbol/Symbol/n4_jib_/n9_mom_ci_jang_ha_gi_/rib_seu_tig_.png,집,0,0,0
매니큐어,http://220.69.171.28:8080/Symbol/Symbol/n4_jib_/n9_mom_ci_jang_ha_gi_/mae_ni_kyu_eo_.png,집,0,0,0
매니큐어발라주세요,http://220.69.171.28:8080/Symbol/Symbol/n4_jib_/n9_mom_ci_jang_ha_gi_/mae_ni_kyu_eo_bal_ra_ju_se_yo_.png,집,0,0,0
맬래요,http://220.69.171.28:8080/Symbol/Symbol/n4_jib_/n9_mom_ci_jang_ha_gi_/mael_rae_yo_.png,집,0,0,0
머리땋아주세요,http://220.69.171.28:8080/Symbol/Symbol/n4_jib_/n9_mom_ci_jang_ha_gi_/meo_ri_ddah_a_ju_se_yo_001_.png,집,0,0,0
머리땋아주세요,http://220.69.171.28:8080/Symbol/Symbol/n4_jib_/n9_mom_ci_jang_ha_gi_/meo_ri_ddah_a_ju_se_yo_002_.png,집,0,0,0
머리띠,http://220.69.171.28:8080/Symbol/Symbol/n4_jib_/n9_mom_ci_jang_ha_gi_/meo_ri_ddi_201_.png,집,0,0,0
머리를-잘라요,http://220.69.171.28:8080/Symbol/Symbol/n4_jib_/n9_mom_ci_jang_ha_gi_/meo_ri_reul_jal_ra_yo_002_.png,집,0,0,0
머리를잘라요,http://220.69.171.28:8080/Symbol/Symbol/n4_jib_/n9_mom_ci_jang_ha_gi_/meo_ri_reul_jal_ra_yo_001_.png,집,0,0,0
머리핀,http://220.69.171.28:8080/Symbol/Symbol/n4_jib_/n9_mom_ci_jang_ha_gi_/meo_ri_pin_201_.png,집,0,0,0
머리핀꽂아주세요,http://220.69.171.28:8080/Symbol/Symbol/n4_jib_/n9_mom_ci_jang_ha_gi_/meo_ri_pin_ggoj_a_ju_se_yo_001_.png,집,0,0,0
머리핀꽂아주세요,http://220.69.171.28:8080/Symbol/Symbol/n4_jib_/n9_mom_ci_jang_ha_gi_/meo_ri_pin_ggoj_a_ju_se_yo_002_.png,집,0,0,0
면도해요,http://220.69.171.28:8080/Symbol/Symbol/n4_jib_/n9_mom_ci_jang_ha_gi_/myeon_do_hae_yo_001_.png,집,0,0,0
면도해요,http://220.69.171.28:8080/Symbol/Symbol/n4_jib_/n9_mom_ci_jang_ha_gi_/myeon_do_hae_yo_002_.png,집,0,0,0
면봉,http://220.69.171.28:8080/Symbol/Symbol/n4_jib_/n9_mom_ci_jang_ha_gi_/myeon_bong_001_.png,집,명사,0,0
면봉,http://220.69.171.28:8080/Symbol/Symbol/n4_jib_/n9_mom_ci_jang_ha_gi_/myeon_bong_002_.png,집,명사,0,0
모자,http://220.69.171.28:8080/Symbol/Symbol/n4_jib_/n9_mom_ci_jang_ha_gi_/mo_ja_001_.png,집,명사,0,0
모자,http://220.69.171.28:8080/Symbol/Symbol/n4_jib_/n9_mom_ci_jang_ha_gi_/mo_ja_002_.png,집,명사,0,0
모자,http://220.69.171.28:8080/Symbol/Symbol/n4_jib_/n9_mom_ci_jang_ha_gi_/mo_ja_003_.png,집,명사,0,0
모자,http://220.69.171.28:8080/Symbol/Symbol/n4_jib_/n9_mom_ci_jang_ha_gi_/mo_ja_201_.png,집,명사,0,0
목걸이,http://220.69.171.28:8080/Symbol/Symbol/n4_jib_/n9_mom_ci_jang_ha_gi_/mog_geol_i_001_.png,집,0,0,0
목걸이,http://220.69.171.28:8080/Symbol/Symbol/n4_jib_/n9_mom_ci_jang_ha_gi_/mog_geol_i_002_.png,집,0,0,0
목걸이,http://220.69.171.28:8080/Symbol/Symbol/n4_jib_/n9_mom_ci_jang_ha_gi_/mog_geol_i_201_.png,집,0,0,0
묶어요,http://220.69.171.28:8080/Symbol/Symbol/n4_jib_/n9_mom_ci_jang_ha_gi_/mugg_eo_yo_201_.png,집,0,0,0
묶어주세요,http://220.69.171.28:8080/Symbol/Symbol/n4_jib_/n9_mom_ci_jang_ha_gi_/mugg_eo_ju_se_yo_003_.png,집,0,0,0
반지,http://220.69.171.28:8080/Symbol/Symbol/n4_jib_/n9_mom_ci_jang_ha_gi_/ban_ji_001_.png,집,명사,0,0
반지,http://220.69.171.28:8080/Symbol/Symbol/n4_jib_/n9_mom_ci_jang_ha_gi_/ban_ji_002_.png,집,명사,0,0
발라주세요,http://220.69.171.28:8080/Symbol/Symbol/n4_jib_/n9_mom_ci_jang_ha_gi_/bal_ra_ju_se_yo_.png,집,0,0,0
벙어리장갑,http://220.69.171.28:8080/Symbol/Symbol/n4_jib_/n9_mom_ci_jang_ha_gi_/beong_eo_ri_jang_gab_.png,집,0,0,0
보석,http://220.69.171.28:8080/Symbol/Symbol/n4_jib_/n9_mom_ci_jang_ha_gi_/bo_seog_.png,집,명사,0,0
보석,http://220.69.171.28:8080/Symbol/Symbol/n4_jib_/n9_mom_ci_jang_ha_gi_/bo_seog_201_.png,집,명사,0,0
빗어요,http://220.69.171.28:8080/Symbol/Symbol/n4_jib_/n9_mom_ci_jang_ha_gi_/bis_eo_yo_201_.png,집,0,0,0
샤워해요,http://220.69.171.28:8080/Symbol/Symbol/n4_jib_/n9_mom_ci_jang_ha_gi_/sya_weo_hae_yo_001_.png,집,0,0,0
샤워해요,http://220.69.171.28:8080/Symbol/Symbol/n4_jib_/n9_mom_ci_jang_ha_gi_/sya_weo_hae_yo_002_.png,집,0,0,0
선글라스,http://220.69.171.28:8080/Symbol/Symbol/n4_jib_/n9_mom_ci_jang_ha_gi_/seon_geul_ra_seu_.png,집,0,0,0
선크림,http://220.69.171.28:8080/Symbol/Symbol/n4_jib_/n9_mom_ci_jang_ha_gi_/seon_keu_rim_.png,집,명사,0,0
세수해요,http://220.69.171.28:8080/Symbol/Symbol/n4_jib_/n9_mom_ci_jang_ha_gi_/se_su_hae_yo_001_.png,집,0,0,0
세수해요,http://220.69.171.28:8080/Symbol/Symbol/n4_jib_/n9_mom_ci_jang_ha_gi_/se_su_hae_yo_002_.png,집,0,0,0
손목시계,http://220.69.171.28:8080/Symbol/Symbol/n4_jib_/n9_mom_ci_jang_ha_gi_/son_mog_si_gye_201_.png,집,0,0,0
손톱깎이,http://220.69.171.28:8080/Symbol/Symbol/n4_jib_/n9_mom_ci_jang_ha_gi_/son_tob_ggagg_i_.png,집,0,0,0
스카프,http://220.69.171.28:8080/Symbol/Symbol/n4_jib_/n9_mom_ci_jang_ha_gi_/seu_ka_peu_.png,집,0,0,0
안경,http://220.69.171.28:8080/Symbol/Symbol/n4_jib_/n9_mom_ci_jang_ha_gi_/an_gyeong_.png,집,명사,0,0
옷장,http://220.69.171.28:8080/Symbol/Symbol/n4_jib_/n9_mom_ci_jang_ha_gi_/os_jang_.png,집,명사,0,0
옷장,http://220.69.171.28:8080/Symbol/Symbol/n4_jib_/n9_mom_ci_jang_ha_gi_/os_jang_201_.png,집,명사,0,0
옷핀,http://220.69.171.28:8080/Symbol/Symbol/n4_jib_/n9_mom_ci_jang_ha_gi_/os_pin_.png,집,명사,0,0
이를닦아요,http://220.69.171.28:8080/Symbol/Symbol/n4_jib_/n9_mom_ci_jang_ha_gi_/i_reul_dagg_a_yo_2.png,집,0,0,0
잘어울려요,http://220.69.171.28:8080/Symbol/Symbol/n4_jib_/n9_mom_ci_jang_ha_gi_/jal_eo_ul_ryeo_yo_1.png,집,0,0,0
장갑,http://220.69.171.28:8080/Symbol/Symbol/n4_jib_/n9_mom_ci_jang_ha_gi_/jang_gab_001_.png,집,명사,0,0
장갑,http://220.69.171.28:8080/Symbol/Symbol/n4_jib_/n9_mom_ci_jang_ha_gi_/jang_gab_002_.png,집,명사,0,0
장갑,http://220.69.171.28:8080/Symbol/Symbol/n4_jib_/n9_mom_ci_jang_ha_gi_/jang_gab_003_.png,집,명사,0,0
장갑,http://220.69.171.28:8080/Symbol/Symbol/n4_jib_/n9_mom_ci_jang_ha_gi_/jang_gab_201_.png,집,명사,0,0
조여요,http://220.69.171.28:8080/Symbol/Symbol/n4_jib_/n9_mom_ci_jang_ha_gi_/jo_yeo_yo_2.png,집,0,0,0
지갑,http://220.69.171.28:8080/Symbol/Symbol/n4_jib_/n9_mom_ci_jang_ha_gi_/ji_gab_.png,집,명사,0,0
지퍼를-내려요,http://220.69.171.28:8080/Symbol/Symbol/n4_jib_/n9_mom_ci_jang_ha_gi_/ji_peo_reul_nae_ryeo_yo_002_.png,집,0,0,0
지퍼를-올려요,http://220.69.171.28:8080/Symbol/Symbol/n4_jib_/n9_mom_ci_jang_ha_gi_/ji_peo_reul_ol_ryeo_yo_002_.png,집,0,0,0
지퍼를내려요,http://220.69.171.28:8080/Symbol/Symbol/n4_jib_/n9_mom_ci_jang_ha_gi_/ji_peo_reul_nae_ryeo_yo_001_.png,집,0,0,0
지퍼를내려요,http://220.69.171.28:8080/Symbol/Symbol/n4_jib_/n9_mom_ci_jang_ha_gi_/ji_peo_reul_nae_ryeo_yo_201_.png,집,0,0,0
지퍼를올려요,http://220.69.171.28:8080/Symbol/Symbol/n4_jib_/n9_mom_ci_jang_ha_gi_/ji_peo_reul_ol_ryeo_yo_001_.png,집,0,0,0
지퍼를채워요,http://220.69.171.28:8080/Symbol/Symbol/n4_jib_/n9_mom_ci_jang_ha_gi_/ji_peo_reul_cae_weo_yo_201_.png,집,0,0,0
찰래요,http://220.69.171.28:8080/Symbol/Symbol/n4_jib_/n9_mom_ci_jang_ha_gi_/cal_rae_yo_.png,집,0,0,0
콘텍트렌즈,http://220.69.171.28:8080/Symbol/Symbol/n4_jib_/n9_mom_ci_jang_ha_gi_/kon_teg_teu_ren_jeu_.png,집,0,0,0
털장갑,http://220.69.171.28:8080/Symbol/Symbol/n4_jib_/n9_mom_ci_jang_ha_gi_/teol_jang_gab_201_.png,집,0,0,0
파마,http://220.69.171.28:8080/Symbol/Symbol/n4_jib_/n9_mom_ci_jang_ha_gi_/pa_ma_.png,집,명사,0,0
팔찌,http://220.69.171.28:8080/Symbol/Symbol/n4_jib_/n9_mom_ci_jang_ha_gi_/pal_jji_.png,집,명사,0,0
패티큐어발라주세요,http://220.69.171.28:8080/Symbol/Symbol/n4_jib_/n9_mom_ci_jang_ha_gi_/pae_ti_kyu_eo_bal_ra_ju_se_yo_.png,집,0,0,0
향수,http://220.69.171.28:8080/Symbol/Symbol/n4_jib_/n9_mom_ci_jang_ha_gi_/hyang_su_.png,집,명사,0,0
허리띠,http://220.69.171.28:8080/Symbol/Symbol/n4_jib_/n9_mom_ci_jang_ha_gi_/heo_ri_ddi_.png,집,0,0,0
허리띠,http://220.69.171.28:8080/Symbol/Symbol/n4_jib_/n9_mom_ci_jang_ha_gi_/heo_ri_ddi_201_.png,집,0,0,0
헬멧,http://220.69.171.28:8080/Symbol/Symbol/n4_jib_/n9_mom_ci_jang_ha_gi_/hel_mes_.png,집,명사,0,0
화장품,http://220.69.171.28:8080/Symbol/Symbol/n4_jib_/n9_mom_ci_jang_ha_gi_/hwa_jang_pum_.png,집,명사,0,0
화장해요,http://220.69.171.28:8080/Symbol/Symbol/n4_jib_/n9_mom_ci_jang_ha_gi_/hwa_jang_hae_yo_001_.png,집,0,0,0
화장해요,http://220.69.171.28:8080/Symbol/Symbol/n4_jib_/n9_mom_ci_jang_ha_gi_/hwa_jang_hae_yo_002_.png,집,0,0,0
건조해요,http://220.69.171.28:8080/Symbol/Symbol/n4_jib_/n10_ceong_so_ha_gi_/geon_jo_hae_yo_.png,집,0,0,0
걸레,http://220.69.171.28:8080/Symbol/Symbol/n4_jib_/n10_ceong_so_ha_gi_/geol_re_.png,집,명사,0,0
걸레,http://220.69.171.28:8080/Symbol/Symbol/gif/geol_re_.gif,집,명사,0,0
걸레,http://220.69.171.28:8080/Symbol/Symbol/sunnyk/rag_sy.png,집,명사,0,0
깨끗해요,http://220.69.171.28:8080/Symbol/Symbol/n4_jib_/n10_ceong_so_ha_gi_/ggae_ggeus_hae_yo_.png,집,0,0,0
깨끗해요,http://220.69.171.28:8080/Symbol/Symbol/n4_jib_/n10_ceong_so_ha_gi_/ggae_ggeus_hae_yo_201_.png,집,0,0,0
놓아주세요,http://220.69.171.28:8080/Symbol/Symbol/n4_jib_/n10_ceong_so_ha_gi_/noh_a_ju_se_yo_001_.png,집,0,0,0
놓아주세요,http://220.69.171.28:8080/Symbol/Symbol/n4_jib_/n10_ceong_so_ha_gi_/noh_a_ju_se_yo_002_.png,집,0,0,0
다리미,http://220.69.171.28:8080/Symbol/Symbol/n4_jib_/n10_ceong_so_ha_gi_/da_ri_mi_.png,집,0,0,0
먼지털어주세요,http://220.69.171.28:8080/Symbol/Symbol/n4_jib_/n10_ceong_so_ha_gi_/meon_ji_teol_eo_ju_se_yo_.png,집,0,0,0
먼지털어주세요_001,http://220.69.171.28:8080/Symbol/Symbol/n4_jib_/n10_ceong_so_ha_gi_/meon_ji_teol_eo_ju_se_yo_001_.png,집,0,0,0
물티슈,http://220.69.171.28:8080/Symbol/Symbol/additional/mul_ti_syu_.png,집,0,0,0
바닥,http://220.69.171.28:8080/Symbol/Symbol/n4_jib_/n10_ceong_so_ha_gi_/ba_dag_.png,집,명사,0,0
바닥,http://220.69.171.28:8080/Symbol/Symbol/n4_jib_/n10_ceong_so_ha_gi_/ba_dag_201_.png,집,명사,0,0
버려요,http://220.69.171.28:8080/Symbol/Symbol/n4_jib_/n10_ceong_so_ha_gi_/beo_ryeo_yo_.png,집,0,0,0
버려주세요,http://220.69.171.28:8080/Symbol/Symbol/n4_jib_/n10_ceong_so_ha_gi_/beo_ryeo_ju_se_yo_.png,집,0,0,0
분리수거해주세요,http://220.69.171.28:8080/Symbol/Symbol/n4_jib_/n10_ceong_so_ha_gi_/bun_ri_su_geo_hae_ju_se_yo_.png,집,0,0,0
비워주세요,http://220.69.171.28:8080/Symbol/Symbol/n4_jib_/n10_ceong_so_ha_gi_/bi_weo_ju_se_yo_001_.png,집,0,0,0
비워주세요,http://220.69.171.28:8080/Symbol/Symbol/n4_jib_/n10_ceong_so_ha_gi_/bi_weo_ju_se_yo_002_.png,집,0,0,0
빗자루,http://220.69.171.28:8080/Symbol/Symbol/n4_jib_/n10_ceong_so_ha_gi_/bis_ja_ru_.png,집,0,0,0
빗자루와쓰레받이,http://220.69.171.28:8080/Symbol/Symbol/n4_jib_/n10_ceong_so_ha_gi_/bis_ja_ru_wa_sseu_re_bad_i_201_.png,집,0,0,0
빨래,http://220.69.171.28:8080/Symbol/Symbol/n4_jib_/n10_ceong_so_ha_gi_/bbal_rae_.png,집,명사,0,0
빨래건조대,http://220.69.171.28:8080/Symbol/Symbol/n4_jib_/n10_ceong_so_ha_gi_/bbal_rae_geon_jo_dae_.png,집,0,0,0
빨래를삶아요,http://220.69.171.28:8080/Symbol/Symbol/n4_jib_/n10_ceong_so_ha_gi_/bbal_rae_reul_salm_a_yo_.png,집,0,0,0
빨래바구니,http://220.69.171.28:8080/Symbol/Symbol/n4_jib_/n10_ceong_so_ha_gi_/bbal_rae_ba_gu_ni_.png,집,0,0,0
빨래집게,http://220.69.171.28:8080/Symbol/Symbol/n4_jib_/n10_ceong_so_ha_gi_/bbal_rae_jib_ge_.png,집,0,0,0
빨아주세요,http://220.69.171.28:8080/Symbol/Symbol/n4_jib_/n10_ceong_so_ha_gi_/bbal_a_ju_se_yo_001_.png,집,0,0,0
빨아주세요,http://220.69.171.28:8080/Symbol/Symbol/n4_jib_/n10_ceong_so_ha_gi_/bbal_a_ju_se_yo_002_.png,집,0,0,0
뿌려주세요,http://220.69.171.28:8080/Symbol/Symbol/n4_jib_/n10_ceong_so_ha_gi_/bbu_ryeo_ju_se_yo_001_.png,집,0,0,0
뿌려주세요,http://220.69.171.28:8080/Symbol/Symbol/n4_jib_/n10_ceong_so_ha_gi_/bbu_ryeo_ju_se_yo_002_.png,집,0,0,0
섬유유연제,http://220.69.171.28:8080/Symbol/Symbol/n4_jib_/n10_ceong_so_ha_gi_/seom_yu_yu_yeon_je_.png,집,0,0,0
세탁기,http://220.69.171.28:8080/Symbol/Symbol/n4_jib_/n10_ceong_so_ha_gi_/se_tag_gi_1.png,집,0,0,0
세탁기_001,http://220.69.171.28:8080/Symbol/Symbol/n4_jib_/n10_ceong_so_ha_gi_/se_tag_gi_001_.png,집,0,0,0
스펀지,http://220.69.171.28:8080/Symbol/Symbol/n4_jib_/n10_ceong_so_ha_gi_/seu_peon_ji_.png,집,0,0,0
스폰지,http://220.69.171.28:8080/Symbol/Symbol/n4_jib_/n10_ceong_so_ha_gi_/seu_pon_ji_.png,집,0,0,0
식기건조대,http://220.69.171.28:8080/Symbol/Symbol/n4_jib_/n10_ceong_so_ha_gi_/sig_gi_geon_jo_dae_.png,집,0,0,0
식기세척기,http://220.69.171.28:8080/Symbol/Symbol/n4_jib_/n10_ceong_so_ha_gi_/sig_gi_se_ceog_gi_.png,집,0,0,0
쓰레기,http://220.69.171.28:8080/Symbol/Symbol/n4_jib_/n10_ceong_so_ha_gi_/sseu_re_gi_001_.png,집,0,0,0
쓰레기,http://220.69.171.28:8080/Symbol/Symbol/n4_jib_/n10_ceong_so_ha_gi_/sseu_re_gi_002_.png,집,0,0,0
쓰레기,http://220.69.171.28:8080/Symbol/Symbol/n4_jib_/n10_ceong_so_ha_gi_/sseu_re_gi_201_.png,집,0,0,0
쓰레기봉투,http://220.69.171.28:8080/Symbol/Symbol/n4_jib_/n10_ceong_so_ha_gi_/sseu_re_gi_bong_tu_.png,집,0,0,0
쓰레받이,http://220.69.171.28:8080/Symbol/Symbol/n4_jib_/n10_ceong_so_ha_gi_/sseu_re_bad_i_.png,집,0,0,0
쓸어주세요,http://220.69.171.28:8080/Symbol/Symbol/n4_jib_/n10_ceong_so_ha_gi_/sseul_eo_ju_se_yo_001_.png,집,0,0,0
쓸어주세요,http://220.69.171.28:8080/Symbol/Symbol/n4_jib_/n10_ceong_so_ha_gi_/sseul_eo_ju_se_yo_002_.png,집,0,0,0
엎질렀어요,http://220.69.171.28:8080/Symbol/Symbol/n4_jib_/n10_ceong_so_ha_gi_/eop_jil_reoss_eo_yo_001_.png,집,0,0,0
엎질렀어요,http://220.69.171.28:8080/Symbol/Symbol/n4_jib_/n10_ceong_so_ha_gi_/eop_jil_reoss_eo_yo_002_.png,집,0,0,0
정리할래요,http://220.69.171.28:8080/Symbol/Symbol/n4_jib_/n10_ceong_so_ha_gi_/jeong_ri_hal_rae_yo_.png,집,0,0,0
정리할래요,http://220.69.171.28:8080/Symbol/Symbol/n4_jib_/n10_ceong_so_ha_gi_/jeong_ri_hal_rae_yo_201_.png,집,0,0,0
제자리,http://220.69.171.28:8080/Symbol/Symbol/n4_jib_/n10_ceong_so_ha_gi_/je_ja_ri_.png,집,0,0,0
제자리,http://220.69.171.28:8080/Symbol/Symbol/n4_jib_/n10_ceong_so_ha_gi_/je_ja_ri_201_.png,집,0,0,0
종이타월,http://220.69.171.28:8080/Symbol/Symbol/n4_jib_/n10_ceong_so_ha_gi_/jong_i_ta_weol_.png,집,0,0,0
짜요,http://220.69.171.28:8080/Symbol/Symbol/n4_jib_/n10_ceong_so_ha_gi_/jja_yo_002_.png,집,명사,0,0
청소기,http://220.69.171.28:8080/Symbol/Symbol/n4_jib_/n10_ceong_so_ha_gi_/ceong_so_gi_1.png,집,0,0,0
청소기,http://220.69.171.28:8080/Symbol/Symbol/gif/ceong_so_gi_.gif,집,0,0,0
청소할래요,http://220.69.171.28:8080/Symbol/Symbol/n4_jib_/n10_ceong_so_ha_gi_/ceong_so_hal_rae_yo_.png,집,0,0,0
청소해요,http://220.69.171.28:8080/Symbol/Symbol/n4_jib_/n10_ceong_so_ha_gi_/ceong_so_hae_yo_201_.png,집,0,0,0
페브리즈,http://220.69.171.28:8080/Symbol/Symbol/n4_jib_/n10_ceong_so_ha_gi_/pe_beu_ri_jeu_.png,집,0,0,0
헹궈요,http://220.69.171.28:8080/Symbol/Symbol/n4_jib_/n10_ceong_so_ha_gi_/heng_gweo_yo_001_.png,집,0,0,0
헹궈요,http://220.69.171.28:8080/Symbol/Symbol/n4_jib_/n10_ceong_so_ha_gi_/heng_gweo_yo_002_.png,집,0,0,0
냉장고,http://220.69.171.28:8080/Symbol/Symbol/n4_jib_/n11_sig_sa_ha_gi_/naeng_jang_go_.png,집,0,0,0
냉장고,http://220.69.171.28:8080/Symbol/Symbol/n4_jib_/n11_sig_sa_ha_gi_/naeng_jang_go_201_.png,집,0,0,0
라면,http://220.69.171.28:8080/Symbol/Symbol/n4_jib_/n11_sig_sa_ha_gi_/ra_myeon_.png,집,명사,0,0
라면,http://220.69.171.28:8080/Symbol/Symbol/n4_jib_/n11_sig_sa_ha_gi_/ra_myeon_201_.png,집,명사,0,0
먹고싶어요,http://220.69.171.28:8080/Symbol/Symbol/n4_jib_/n11_sig_sa_ha_gi_/meog_go_sip_eo_yo_001_.png,집,0,0,0
먹고싶어요,http://220.69.171.28:8080/Symbol/Symbol/n4_jib_/n11_sig_sa_ha_gi_/meog_go_sip_eo_yo_002_.png,집,0,0,0
전자레인지,http://220.69.171.28:8080/Symbol/Symbol/n4_jib_/n11_sig_sa_ha_gi_/jeon_ja_re_in_ji_.png,집,0,0,0
전자레인지,http://220.69.171.28:8080/Symbol/Symbol/n4_jib_/n11_sig_sa_ha_gi_/jeon_ja_re_in_ji_201_.png,집,0,0,0
주스,http://220.69.171.28:8080/Symbol/Symbol/n4_jib_/n11_sig_sa_ha_gi_/ju_seu_.png,집,명사,0,0
교복-다려-주세요,http://220.69.171.28:8080/Symbol/Symbol/n4_jib_/n12_deung_gyo_jun_bi_ha_gi_/gyo_bog_da_ryeo_ju_se_yo_002_.png,집,0,0,0
교복다려주세요,http://220.69.171.28:8080/Symbol/Symbol/n4_jib_/n12_deung_gyo_jun_bi_ha_gi_/gyo_bog_da_ryeo_ju_se_yo_001_.png,집,0,0,0
낡았어요,http://220.69.171.28:8080/Symbol/Symbol/n4_jib_/n12_deung_gyo_jun_bi_ha_gi_/nalg_ass_eo_yo_001_.png,집,0,0,0
낡았어요,http://220.69.171.28:8080/Symbol/Symbol/n4_jib_/n12_deung_gyo_jun_bi_ha_gi_/nalg_ass_eo_yo_002_.png,집,0,0,0
명찰,http://220.69.171.28:8080/Symbol/Symbol/n4_jib_/n12_deung_gyo_jun_bi_ha_gi_/myeong_cal_001_.png,집,명사,0,0
명찰,http://220.69.171.28:8080/Symbol/Symbol/n4_jib_/n12_deung_gyo_jun_bi_ha_gi_/myeong_cal_002_.png,집,명사,0,0
준비해요,http://220.69.171.28:8080/Symbol/Symbol/n4_jib_/n12_deung_gyo_jun_bi_ha_gi_/jun_bi_hae_yo_001_.png,집,0,0,0
준비해요,http://220.69.171.28:8080/Symbol/Symbol/n4_jib_/n12_deung_gyo_jun_bi_ha_gi_/jun_bi_hae_yo_002_.png,집,0,0,0
찢어졌어요,http://220.69.171.28:8080/Symbol/Symbol/n4_jib_/n12_deung_gyo_jun_bi_ha_gi_/jjij_eo_jyeoss_eo_yo_001_.png,집,0,0,0
찢어졌어요,http://220.69.171.28:8080/Symbol/Symbol/n4_jib_/n12_deung_gyo_jun_bi_ha_gi_/jjij_eo_jyeoss_eo_yo_002_.png,집,0,0,0
챙겨주세요,http://220.69.171.28:8080/Symbol/Symbol/n4_jib_/n12_deung_gyo_jun_bi_ha_gi_/caeng_gyeo_ju_se_yo_.png,집,0,0,0
가구,http://220.69.171.28:8080/Symbol/Symbol/n4_jib_/n13_ga_jeon_ga_gu_/ga_gu_001_.png,집,명사,0,0
가구,http://220.69.171.28:8080/Symbol/Symbol/n4_jib_/n13_ga_jeon_ga_gu_/ga_gu_002_.png,집,명사,0,0
가습기,http://220.69.171.28:8080/Symbol/Symbol/n4_jib_/n13_ga_jeon_ga_gu_/ga_seub_gi_.png,집,0,0,0
가습기틀어요,http://220.69.171.28:8080/Symbol/Symbol/n4_jib_/n13_ga_jeon_ga_gu_/ga_seub_gi_teul_eo_yo_.png,집,0,0,0
가습기틀어주세요,http://220.69.171.28:8080/Symbol/Symbol/n4_jib_/n13_ga_jeon_ga_gu_/ga_seub_gi_teul_eo_ju_se_yo_.png,집,0,0,0
계산기,http://220.69.171.28:8080/Symbol/Symbol/n4_jib_/n13_ga_jeon_ga_gu_/gye_san_gi_2.png,집,0,0,0
공기청정기,http://220.69.171.28:8080/Symbol/Symbol/n4_jib_/n13_ga_jeon_ga_gu_/gong_gi_ceong_jeong_gi_.png,집,0,0,0
꺼짐예약,http://220.69.171.28:8080/Symbol/Symbol/n4_jib_/n13_ga_jeon_ga_gu_/ggeo_jim_ye_yag_.png,집,0,0,0
녹음기,http://220.69.171.28:8080/Symbol/Symbol/n4_jib_/n13_ga_jeon_ga_gu_/nog_eum_gi_.png,집,0,0,0
드라이어,http://220.69.171.28:8080/Symbol/Symbol/n4_jib_/n13_ga_jeon_ga_gu_/deu_ra_i_eo_.png,집,0,0,0
디지털카메라,http://220.69.171.28:8080/Symbol/Symbol/n4_jib_/n13_ga_jeon_ga_gu_/di_ji_teol_ka_me_ra_.png,집,0,0,0
라디오,http://220.69.171.28:8080/Symbol/Symbol/n4_jib_/n13_ga_jeon_ga_gu_/ra_di_o_001_1.png,집,0,0,0
라디오,http://220.69.171.28:8080/Symbol/Symbol/n4_jib_/n13_ga_jeon_ga_gu_/ra_di_o_002_1.png,집,0,0,0
렌즈,http://220.69.171.28:8080/Symbol/Symbol/n4_jib_/n13_ga_jeon_ga_gu_/ren_jeu_.png,집,명사,0,0
리모컨,http://220.69.171.28:8080/Symbol/Symbol/n4_jib_/n13_ga_jeon_ga_gu_/ri_mo_keon_.png,집,0,0,0
먼지봉투,http://220.69.171.28:8080/Symbol/Symbol/n4_jib_/n13_ga_jeon_ga_gu_/meon_ji_bong_tu_.png,집,0,0,0
밥솥,http://220.69.171.28:8080/Symbol/Symbol/n4_jib_/n13_ga_jeon_ga_gu_/bab_sot_.png,집,명사,0,0
배터리,http://220.69.171.28:8080/Symbol/Symbol/n4_jib_/n13_ga_jeon_ga_gu_/bae_teo_ri_003_2.png,집,0,0,0
배터리,http://220.69.171.28:8080/Symbol/Symbol/n4_jib_/n13_ga_jeon_ga_gu_/bae_teo_ri_201_.png,집,0,0,0
버튼이안눌러져요,http://220.69.171.28:8080/Symbol/Symbol/n4_jib_/n13_ga_jeon_ga_gu_/beo_teun_i_an_nul_reo_jyeo_yo_.png,집,0,0,0
비디오,http://220.69.171.28:8080/Symbol/Symbol/n4_jib_/n13_ga_jeon_ga_gu_/bi_di_o_1.png,집,0,0,0
세탁기,http://220.69.171.28:8080/Symbol/Symbol/n4_jib_/n13_ga_jeon_ga_gu_/se_tag_gi_2.png,집,0,0,0
세탁조세척,http://220.69.171.28:8080/Symbol/Symbol/n4_jib_/n13_ga_jeon_ga_gu_/se_tag_jo_se_ceog_.png,집,0,0,0
소음,http://220.69.171.28:8080/Symbol/Symbol/n4_jib_/n13_ga_jeon_ga_gu_/so_eum_3.png,집,명사,0,0
손잡이가떨어졌어요,http://220.69.171.28:8080/Symbol/Symbol/n4_jib_/n13_ga_jeon_ga_gu_/son_jab_i_ga_ddeol_eo_jyeoss_eo_yo_.png,집,0,0,0
스위치,http://220.69.171.28:8080/Symbol/Symbol/n4_jib_/n13_ga_jeon_ga_gu_/seu_wi_ci_1.png,집,0,0,0
스탠드,http://220.69.171.28:8080/Symbol/Symbol/n4_jib_/n13_ga_jeon_ga_gu_/seu_taen_deu_.png,집,0,0,0
식탁,http://220.69.171.28:8080/Symbol/Symbol/n4_jib_/n13_ga_jeon_ga_gu_/sig_tag_001_.png,집,명사,0,0
식탁,http://220.69.171.28:8080/Symbol/Symbol/n4_jib_/n13_ga_jeon_ga_gu_/sig_tag_002_.png,집,명사,0,0
에어컨점검해주세요,http://220.69.171.28:8080/Symbol/Symbol/n4_jib_/n13_ga_jeon_ga_gu_/e_eo_keon_jeom_geom_hae_ju_se_yo_.png,집,0,0,0
에어컨필터,http://220.69.171.28:8080/Symbol/Symbol/n4_jib_/n13_ga_jeon_ga_gu_/e_eo_keon_pil_teo_.png,집,0,0,0
옷-다려주세요,http://220.69.171.28:8080/Symbol/Symbol/n4_jib_/n13_ga_jeon_ga_gu_/os_da_ryeo_ju_se_yo_002_.png,집,0,0,0
옷다려주세요,http://220.69.171.28:8080/Symbol/Symbol/n4_jib_/n13_ga_jeon_ga_gu_/os_da_ryeo_ju_se_yo_001_.png,집,0,0,0
의자,http://220.69.171.28:8080/Symbol/Symbol/n4_jib_/n13_ga_jeon_ga_gu_/yi_ja_201_.png,집,명사,0,0
전기담요,http://220.69.171.28:8080/Symbol/Symbol/n4_jib_/n13_ga_jeon_ga_gu_/jeon_gi_dam_yo_.png,집,0,0,0
전화기,http://220.69.171.28:8080/Symbol/Symbol/n4_jib_/n13_ga_jeon_ga_gu_/jeon_hwa_gi_.png,집,0,0,0
책상,http://220.69.171.28:8080/Symbol/Symbol/n4_jib_/n13_ga_jeon_ga_gu_/caeg_sang_.png,집,명사,0,0
책상,http://220.69.171.28:8080/Symbol/Symbol/n4_jib_/n13_ga_jeon_ga_gu_/caeg_sang_201_.png,집,명사,0,0
청소기,http://220.69.171.28:8080/Symbol/Symbol/n4_jib_/n13_ga_jeon_ga_gu_/ceong_so_gi_2.png,집,0,0,0
청소기,http://220.69.171.28:8080/Symbol/Symbol/n4_jib_/n13_ga_jeon_ga_gu_/ceong_so_gi_201_.png,집,0,0,0
청소기,http://220.69.171.28:8080/Symbol/Symbol/gif/ceong_so_gi_.gif,집,0,0,0
충전기,http://220.69.171.28:8080/Symbol/Symbol/n4_jib_/n13_ga_jeon_ga_gu_/cung_jeon_gi_002_.png,집,0,0,0
카메라렌즈가깨졌어요,http://220.69.171.28:8080/Symbol/Symbol/n4_jib_/n13_ga_jeon_ga_gu_/ka_me_ra_ren_jeu_ga_ggae_jyeoss_eo_yo_.png,집,0,0,0
캠코더,http://220.69.171.28:8080/Symbol/Symbol/n4_jib_/n13_ga_jeon_ga_gu_/kaem_ko_deo_.png,집,0,0,0
탁자,http://220.69.171.28:8080/Symbol/Symbol/n4_jib_/n13_ga_jeon_ga_gu_/tag_ja_.png,집,명사,0,0
플러그,http://220.69.171.28:8080/Symbol/Symbol/n4_jib_/n13_ga_jeon_ga_gu_/peul_reo_geu_.png,집,0,0,0
플러그를꽂아요,http://220.69.171.28:8080/Symbol/Symbol/n4_jib_/n13_ga_jeon_ga_gu_/peul_reo_geu_reul_ggoj_a_yo_.png,집,0,0,0
플러그를빼요,http://220.69.171.28:8080/Symbol/Symbol/n4_jib_/n13_ga_jeon_ga_gu_/peul_reo_geu_reul_bbae_yo_.png,집,0,0,0
필터,http://220.69.171.28:8080/Symbol/Symbol/n4_jib_/n13_ga_jeon_ga_gu_/pil_teo_.png,집,명사,0,0
해외에서도사용가능한가요,http://220.69.171.28:8080/Symbol/Symbol/n4_jib_/n13_ga_jeon_ga_gu_/hae_oe_e_seo_do_sa_yong_ga_neung_han_ga_yo_.png,집,0,0,0
호스,http://220.69.171.28:8080/Symbol/Symbol/n4_jib_/n13_ga_jeon_ga_gu_/ho_seu_.png,집,명사,0,0
화장대,http://220.69.171.28:8080/Symbol/Symbol/n4_jib_/n13_ga_jeon_ga_gu_/hwa_jang_dae_.png,집,0,0,0
휴대전화,http://220.69.171.28:8080/Symbol/Symbol/n4_jib_/n13_ga_jeon_ga_gu_/hyu_dae_jeon_hwa_.png,집,0,0,0
건전지,http://220.69.171.28:8080/Symbol/Symbol/n4_jib_/n14_jib_gi_ta_/geon_jeon_ji_001_.png,집,0,0,0
건전지,http://220.69.171.28:8080/Symbol/Symbol/n4_jib_/n14_jib_gi_ta_/geon_jeon_ji_002_.png,집,0,0,0
계산해요,http://220.69.171.28:8080/Symbol/Symbol/n4_jib_/n14_jib_gi_ta_/gye_san_hae_yo_.png,집,0,0,0
고쳐요,http://220.69.171.28:8080/Symbol/Symbol/n4_jib_/n14_jib_gi_ta_/go_cyeo_yo_.png,집,0,0,0
기어가요,http://220.69.171.28:8080/Symbol/Symbol/n4_jib_/n14_jib_gi_ta_/gi_eo_ga_yo_.png,집,0,0,0
내려요,http://220.69.171.28:8080/Symbol/Symbol/n4_jib_/n14_jib_gi_ta_/nae_ryeo_yo_006_.png,집,0,0,0
내일,http://220.69.171.28:8080/Symbol/Symbol/n4_jib_/n14_jib_gi_ta_/nae_il_002_.png,집,명사,0,0
냄새나요,http://220.69.171.28:8080/Symbol/Symbol/n4_jib_/n14_jib_gi_ta_/naem_sae_na_yo_.png,집,0,0,0
누워요,http://220.69.171.28:8080/Symbol/Symbol/n4_jib_/n14_jib_gi_ta_/nu_weo_yo_001_.png,집,0,0,0
누워요,http://220.69.171.28:8080/Symbol/Symbol/n4_jib_/n14_jib_gi_ta_/nu_weo_yo_002_.png,집,0,0,0
누워요,http://220.69.171.28:8080/Symbol/Symbol/n4_jib_/n14_jib_gi_ta_/nu_weo_yo_201_.png,집,0,0,0
다려요,http://220.69.171.28:8080/Symbol/Symbol/n4_jib_/n14_jib_gi_ta_/da_ryeo_yo_.png,집,0,0,0
돼지저금통,http://220.69.171.28:8080/Symbol/Symbol/n4_jib_/n14_jib_gi_ta_/dwae_ji_jeo_geum_tong_001_.png,집,0,0,0
돼지저금통,http://220.69.171.28:8080/Symbol/Symbol/n4_jib_/n14_jib_gi_ta_/dwae_ji_jeo_geum_tong_002_.png,집,0,0,0
두꺼워요,http://220.69.171.28:8080/Symbol/Symbol/n4_jib_/n14_jib_gi_ta_/du_ggeo_weo_yo_001_.png,집,0,0,0
두꺼워요,http://220.69.171.28:8080/Symbol/Symbol/n4_jib_/n14_jib_gi_ta_/du_ggeo_weo_yo_002_.png,집,0,0,0
들어와요,http://220.69.171.28:8080/Symbol/Symbol/n4_jib_/n14_jib_gi_ta_/deul_eo_wa_yo_.png,집,0,0,0
들어요,http://220.69.171.28:8080/Symbol/Symbol/n4_jib_/n14_jib_gi_ta_/deul_eo_yo_001_1.png,집,0,0,0
들어요,http://220.69.171.28:8080/Symbol/Symbol/n4_jib_/n14_jib_gi_ta_/deul_eo_yo_002_1.png,집,0,0,0
리모컨,http://220.69.171.28:8080/Symbol/Symbol/n4_jib_/n14_jib_gi_ta_/ri_mo_keon_001_.png,집,0,0,0
리모컨,http://220.69.171.28:8080/Symbol/Symbol/n4_jib_/n14_jib_gi_ta_/ri_mo_keon_002_.png,집,0,0,0
맞아요,http://220.69.171.28:8080/Symbol/Symbol/n4_jib_/n14_jib_gi_ta_/maj_a_yo_1.png,집,0,0,0
바깥,http://220.69.171.28:8080/Symbol/Symbol/n4_jib_/n14_jib_gi_ta_/ba_ggat_001_.png,집,명사,0,0
바깥,http://220.69.171.28:8080/Symbol/Symbol/n4_jib_/n14_jib_gi_ta_/ba_ggat_002_.png,집,명사,0,0
바깥,http://220.69.171.28:8080/Symbol/Symbol/n4_jib_/n14_jib_gi_ta_/ba_ggat_003_.png,집,명사,0,0
바깥,http://220.69.171.28:8080/Symbol/Symbol/n4_jib_/n14_jib_gi_ta_/ba_ggat_201_.png,집,명사,0,0
발라요,http://220.69.171.28:8080/Symbol/Symbol/n4_jib_/n14_jib_gi_ta_/bal_ra_yo_001_.png,집,0,0,0
발라요,http://220.69.171.28:8080/Symbol/Symbol/n4_jib_/n14_jib_gi_ta_/bal_ra_yo_002_.png,집,0,0,0
발라요,http://220.69.171.28:8080/Symbol/Symbol/n4_jib_/n14_jib_gi_ta_/bal_ra_yo_201_.png,집,0,0,0
밝아요,http://220.69.171.28:8080/Symbol/Symbol/n4_jib_/n14_jib_gi_ta_/balg_a_yo_.png,집,0,0,0
사다리,http://220.69.171.28:8080/Symbol/Symbol/n4_jib_/n14_jib_gi_ta_/sa_da_ri_001_.png,집,0,0,0
사다리,http://220.69.171.28:8080/Symbol/Symbol/n4_jib_/n14_jib_gi_ta_/sa_da_ri_002_.png,집,0,0,0
아래층,http://220.69.171.28:8080/Symbol/Symbol/n4_jib_/n14_jib_gi_ta_/a_rae_ceung_001_.png,집,0,0,0
아래층,http://220.69.171.28:8080/Symbol/Symbol/n4_jib_/n14_jib_gi_ta_/a_rae_ceung_002_.png,집,0,0,0
아래층,http://220.69.171.28:8080/Symbol/Symbol/n4_jib_/n14_jib_gi_ta_/a_rae_ceung_003_.png,집,0,0,0
아래층,http://220.69.171.28:8080/Symbol/Symbol/n4_jib_/n14_jib_gi_ta_/a_rae_ceung_201_.png,집,0,0,0
안,http://220.69.171.28:8080/Symbol/Symbol/n4_jib_/n14_jib_gi_ta_/an_001_.png,집,명사,0,0
안,http://220.69.171.28:8080/Symbol/Symbol/n4_jib_/n14_jib_gi_ta_/an_002_.png,집,명사,0,0
안,http://220.69.171.28:8080/Symbol/Symbol/n4_jib_/n14_jib_gi_ta_/an_201_.png,집,명사,0,0
안아요,http://220.69.171.28:8080/Symbol/Symbol/n4_jib_/n14_jib_gi_ta_/an_a_yo_.png,집,0,0,0
얇아요,http://220.69.171.28:8080/Symbol/Symbol/n4_jib_/n14_jib_gi_ta_/yalb_a_yo_001_.png,집,0,0,0
얇아요,http://220.69.171.28:8080/Symbol/Symbol/n4_jib_/n14_jib_gi_ta_/yalb_a_yo_002_.png,집,0,0,0
와요,http://220.69.171.28:8080/Symbol/Symbol/n4_jib_/n14_jib_gi_ta_/wa_yo_1.png,집,명사,0,0
외워요,http://220.69.171.28:8080/Symbol/Symbol/n4_jib_/n14_jib_gi_ta_/oe_weo_yo_.png,집,0,0,0
위층,http://220.69.171.28:8080/Symbol/Symbol/n4_jib_/n14_jib_gi_ta_/wi_ceung_001_.png,집,명사,0,0
위층,http://220.69.171.28:8080/Symbol/Symbol/n4_jib_/n14_jib_gi_ta_/wi_ceung_002_.png,집,명사,0,0
위층,http://220.69.171.28:8080/Symbol/Symbol/n4_jib_/n14_jib_gi_ta_/wi_ceung_003_.png,집,명사,0,0
위층,http://220.69.171.28:8080/Symbol/Symbol/n4_jib_/n14_jib_gi_ta_/wi_ceung_201_.png,집,명사,0,0
잘들려요,http://220.69.171.28:8080/Symbol/Symbol/n4_jib_/n14_jib_gi_ta_/jal_deul_ryeo_yo_001_.png,집,0,0,0
잘들려요,http://220.69.171.28:8080/Symbol/Symbol/n4_jib_/n14_jib_gi_ta_/jal_deul_ryeo_yo_002_.png,집,0,0,0
전등,http://220.69.171.28:8080/Symbol/Symbol/n4_jib_/n14_jib_gi_ta_/jeon_deung_001_.png,집,명사,0,0
전등,http://220.69.171.28:8080/Symbol/Symbol/n4_jib_/n14_jib_gi_ta_/jeon_deung_002_.png,집,명사,0,0
챙겨요,http://220.69.171.28:8080/Symbol/Symbol/n4_jib_/n14_jib_gi_ta_/caeng_gyeo_yo_.png,집,0,0,0
초,http://220.69.171.28:8080/Symbol/Symbol/n4_jib_/n14_jib_gi_ta_/co_001_.png,집,명사,0,0
초,http://220.69.171.28:8080/Symbol/Symbol/n4_jib_/n14_jib_gi_ta_/co_002_.png,집,명사,0,0
통,http://220.69.171.28:8080/Symbol/Symbol/n4_jib_/n14_jib_gi_ta_/tong_001_.png,집,명사,0,0
통,http://220.69.171.28:8080/Symbol/Symbol/n4_jib_/n14_jib_gi_ta_/tong_002_.png,집,명사,0,0
