text,image,카테고리_주제,카테고리_품사
놀고싶어요,http://220.69.171.28:8080/Symbol/Symbol/n4_jib_/n1_zcorez_/nol_go_sip_eo_yo_.png,집,동사
누구세요,http://220.69.171.28:8080/Symbol/Symbol/n4_jib_/n1_zcorez_/nu_gu_se_yo_.png,집,동사
누구세요,http://220.69.171.28:8080/Symbol/Symbol/n4_jib_/n1_zcorez_/nu_gu_se_yo_201_.png,집,동사
더할래요,http://220.69.171.28:8080/Symbol/Symbol/n4_jib_/n1_zcorez_/deo_hal_rae_yo_001_.png,집,동사
더할래요,http://220.69.171.28:8080/Symbol/Symbol/n4_jib_/n1_zcorez_/deo_hal_rae_yo_002_.png,집,동사
더할래요,http://220.69.171.28:8080/Symbol/Symbol/n4_jib_/n1_zcorez_/deo_hal_rae_yo_201_.png,집,동사
창문열어주세요,http://220.69.171.28:8080/Symbol/Symbol/n4_jib_/n1_zcorez_/cang_mun_yeol_eo_ju_se_yo_.png,집,동사
학교-다녀오겠습니다,http://220.69.171.28:8080/Symbol/Symbol/n4_jib_/n1_zcorez_/hag_gyo_da_nyeo_o_gess_seub_ni_da_2.png,집,동사
(할아버지-또는-할머니)-돌아가셨어요,http://220.69.171.28:8080/Symbol/Symbol/n4_jib_/n2_ga_jog_/v_hal_a_beo_ji_ddo_neun_hal_meo_ni_dol_a_ga_syeoss_eo_yo_.png,집,동사
(할아버지)-생각해요,http://220.69.171.28:8080/Symbol/Symbol/n4_jib_/n2_ga_jog_/v_hal_a_beo_ji_saeng_gag_hae_yo_001_.png,집,동사
(할아버지)-생각해요,http://220.69.171.28:8080/Symbol/Symbol/n4_jib_/n2_ga_jog_/v_hal_a_beo_ji_saeng_gag_hae_yo_002_.png,집,동사
기억해요,http://220.69.171.28:8080/Symbol/Symbol/n4_jib_/n2_ga_jog_/gi_eog_hae_yo_.png,집,동사
닮았어요,http://220.69.171.28:8080/Symbol/Symbol/n4_jib_/n2_ga_jog_/dalm_ass_eo_yo_.png,집,동사
아기가-태어났어요,http://220.69.171.28:8080/Symbol/Symbol/n4_jib_/n2_ga_jog_/a_gi_ga_tae_eo_nass_eo_yo_.png,집,동사
아빠-닮았어요,http://220.69.171.28:8080/Symbol/Symbol/n4_jib_/n2_ga_jog_/a_bba_dalm_ass_eo_yo_.png,집,동사
엄마-닮았어요,http://220.69.171.28:8080/Symbol/Symbol/n4_jib_/n2_ga_jog_/eom_ma_dalm_ass_eo_yo_.png,집,동사
울었어요,http://220.69.171.28:8080/Symbol/Symbol/n4_jib_/n2_ga_jog_/ul_eoss_eo_yo_.png,집,동사
자랑스러워요,http://220.69.171.28:8080/Symbol/Symbol/n4_jib_/n2_ga_jog_/ja_rang_seu_reo_weo_yo_.png,집,동사
활짝-웃어요,http://220.69.171.28:8080/Symbol/Symbol/n4_jib_/n2_ga_jog_/hwal_jjag_us_eo_yo_.png,집,동사
같이가요,http://220.69.171.28:8080/Symbol/Symbol/n4_jib_/n3_hwa_jang_sil_/gat_i_ga_yo_.png,집,동사
급해요,http://220.69.171.28:8080/Symbol/Symbol/n4_jib_/n3_hwa_jang_sil_/geub_hae_yo_001_.png,집,동사
급해요,http://220.69.171.28:8080/Symbol/Symbol/n4_jib_/n3_hwa_jang_sil_/geub_hae_yo_002_.png,집,동사
내려주세요,http://220.69.171.28:8080/Symbol/Symbol/n4_jib_/n3_hwa_jang_sil_/nae_ryeo_ju_se_yo_.png,집,동사
눌러요,http://220.69.171.28:8080/Symbol/Symbol/n4_jib_/n3_hwa_jang_sil_/nul_reo_yo_.png,집,동사
다했어요,http://220.69.171.28:8080/Symbol/Symbol/n4_jib_/n3_hwa_jang_sil_/da_haess_eo_yo_2.png,집,동사
닦아주세요,http://220.69.171.28:8080/Symbol/Symbol/n4_jib_/n3_hwa_jang_sil_/dagg_a_ju_se_yo_.png,집,동사
두드려요(노크해요),http://220.69.171.28:8080/Symbol/Symbol/n4_jib_/n3_hwa_jang_sil_/du_deu_ryeo_yo_no_keu_hae_yo_.png,집,동사
마려워요,http://220.69.171.28:8080/Symbol/Symbol/n4_jib_/n3_hwa_jang_sil_/ma_ryeo_weo_yo_.png,집,동사
말려주세요,http://220.69.171.28:8080/Symbol/Symbol/n4_jib_/n3_hwa_jang_sil_/mal_ryeo_ju_se_yo_.png,집,동사
머리감을래요,http://220.69.171.28:8080/Symbol/Symbol/n4_jib_/n3_hwa_jang_sil_/meo_ri_gam_eul_rae_yo_.png,집,동사
머리감을래요,http://220.69.171.28:8080/Symbol/Symbol/n4_jib_/n3_hwa_jang_sil_/meo_ri_gam_eul_rae_yo_201_.png,집,동사
면도기,http://220.69.171.28:8080/Symbol/Symbol/n4_jib_/n3_hwa_jang_sil_/myeon_do_gi_.png,집,동사
목욕해요,http://220.69.171.28:8080/Symbol/Symbol/n4_jib_/n3_hwa_jang_sil_/mog_yog_hae_yo_001_.png,집,동사
목욕해요,http://220.69.171.28:8080/Symbol/Symbol/n4_jib_/n3_hwa_jang_sil_/mog_yog_hae_yo_002_.png,집,동사
빗을래요,http://220.69.171.28:8080/Symbol/Symbol/n4_jib_/n3_hwa_jang_sil_/bis_eul_rae_yo_.png,집,동사
샤워할래요,http://220.69.171.28:8080/Symbol/Symbol/n4_jib_/n3_hwa_jang_sil_/sya_weo_hal_rae_yo_001_.png,집,동사
샤워할래요,http://220.69.171.28:8080/Symbol/Symbol/n4_jib_/n3_hwa_jang_sil_/sya_weo_hal_rae_yo_002_.png,집,동사
샤워할래요,http://220.69.171.28:8080/Symbol/Symbol/n4_jib_/n3_hwa_jang_sil_/sya_weo_hal_rae_yo_201_.png,집,동사
씻어요,http://220.69.171.28:8080/Symbol/Symbol/n4_jib_/n3_hwa_jang_sil_/ssis_eo_yo_001_2.png,집,동사
씻어요,http://220.69.171.28:8080/Symbol/Symbol/n4_jib_/n3_hwa_jang_sil_/ssis_eo_yo_002_2.png,집,동사
씻어요,http://220.69.171.28:8080/Symbol/Symbol/n4_jib_/n3_hwa_jang_sil_/ssis_eo_yo_201_.png,집,동사
씻을래요,http://220.69.171.28:8080/Symbol/Symbol/n4_jib_/n3_hwa_jang_sil_/ssis_eul_rae_yo_.png,집,동사
잠가주세요,http://220.69.171.28:8080/Symbol/Symbol/n4_jib_/n3_hwa_jang_sil_/jam_ga_ju_se_yo_001_.png,집,동사
잠가주세요,http://220.69.171.28:8080/Symbol/Symbol/n4_jib_/n3_hwa_jang_sil_/jam_ga_ju_se_yo_002_.png,집,동사
틀어주세요,http://220.69.171.28:8080/Symbol/Symbol/n4_jib_/n3_hwa_jang_sil_/teul_eo_ju_se_yo_001_.png,집,동사
틀어주세요,http://220.69.171.28:8080/Symbol/Symbol/n4_jib_/n3_hwa_jang_sil_/teul_eo_ju_se_yo_002_.png,집,동사
헹궈주세요,http://220.69.171.28:8080/Symbol/Symbol/n4_jib_/n3_hwa_jang_sil_/heng_gweo_ju_se_yo_.png,집,동사
꺼내요,http://220.69.171.28:8080/Symbol/Symbol/n4_jib_/n4_bu_eok_sig_gi_/ggeo_nae_yo_002_1.png,집,동사
내려주세요,http://220.69.171.28:8080/Symbol/Symbol/n4_jib_/n4_bu_eok_sig_gi_/nae_ryeo_ju_se_yo_001_.png,집,동사
내려주세요,http://220.69.171.28:8080/Symbol/Symbol/n4_jib_/n4_bu_eok_sig_gi_/nae_ryeo_ju_se_yo_002_.png,집,동사
냉동시켜요,http://220.69.171.28:8080/Symbol/Symbol/n4_jib_/n4_bu_eok_sig_gi_/naeng_dong_si_kyeo_yo_.png,집,동사
놓아요,http://220.69.171.28:8080/Symbol/Symbol/n4_jib_/n4_bu_eok_sig_gi_/noh_a_yo_002_.png,집,동사
담아요,http://220.69.171.28:8080/Symbol/Symbol/n4_jib_/n4_bu_eok_sig_gi_/dam_a_yo_.png,집,동사
데워요,http://220.69.171.28:8080/Symbol/Symbol/n4_jib_/n4_bu_eok_sig_gi_/de_weo_yo_.png,집,동사
뒤집어요,http://220.69.171.28:8080/Symbol/Symbol/n4_jib_/n4_bu_eok_sig_gi_/dwi_jib_eo_yo_.png,집,동사
따라주세요,http://220.69.171.28:8080/Symbol/Symbol/n4_jib_/n4_bu_eok_sig_gi_/dda_ra_ju_se_yo_.png,집,동사
뚜껑을닫아요,http://220.69.171.28:8080/Symbol/Symbol/n4_jib_/n4_bu_eok_sig_gi_/ddu_ggeong_eul_dad_a_yo_.png,집,동사
뚜껑을열어요,http://220.69.171.28:8080/Symbol/Symbol/n4_jib_/n4_bu_eok_sig_gi_/ddu_ggeong_eul_yeol_eo_yo_.png,집,동사
뜨거워요,http://220.69.171.28:8080/Symbol/Symbol/n4_jib_/n4_bu_eok_sig_gi_/ddeu_geo_weo_yo_.png,집,동사
볶아요,http://220.69.171.28:8080/Symbol/Symbol/n4_jib_/n4_bu_eok_sig_gi_/bogg_a_yo_.png,집,동사
삶아요,http://220.69.171.28:8080/Symbol/Symbol/n4_jib_/n4_bu_eok_sig_gi_/salm_a_yo_.png,집,동사
상을차려요,http://220.69.171.28:8080/Symbol/Symbol/n4_jib_/n4_bu_eok_sig_gi_/sang_eul_ca_ryeo_yo_.png,집,동사
설거지해요,http://220.69.171.28:8080/Symbol/Symbol/n4_jib_/n4_bu_eok_sig_gi_/seol_geo_ji_hae_yo_.png,집,동사
쏟아요,http://220.69.171.28:8080/Symbol/Symbol/n4_jib_/n4_bu_eok_sig_gi_/ssod_a_yo_.png,집,동사
엎지르다,http://220.69.171.28:8080/Symbol/Symbol/n4_jib_/n4_bu_eok_sig_gi_/eop_ji_reu_da_.png,집,동사
요리해,http://220.69.171.28:8080/Symbol/Symbol/n4_jib_/n4_bu_eok_sig_gi_/yo_ri_hae_201_.png,집,동사
요리해요,http://220.69.171.28:8080/Symbol/Symbol/n4_jib_/n4_bu_eok_sig_gi_/yo_ri_hae_yo_.png,집,동사
이를닦아요,http://220.69.171.28:8080/Symbol/Symbol/n4_jib_/n4_bu_eok_sig_gi_/i_reul_dagg_a_yo_1.png,집,동사
저어요,http://220.69.171.28:8080/Symbol/Symbol/n4_jib_/n4_bu_eok_sig_gi_/jeo_eo_yo_.png,집,동사
정리해요,http://220.69.171.28:8080/Symbol/Symbol/n4_jib_/n4_bu_eok_sig_gi_/jeong_ri_hae_yo_002_.png,집,동사
조여요,http://220.69.171.28:8080/Symbol/Symbol/n4_jib_/n4_bu_eok_sig_gi_/jo_yeo_yo_1.png,집,동사
해동해요,http://220.69.171.28:8080/Symbol/Symbol/n4_jib_/n4_bu_eok_sig_gi_/hae_dong_hae_yo_.png,집,동사
헹궈요,http://220.69.171.28:8080/Symbol/Symbol/n4_jib_/n4_bu_eok_sig_gi_/heng_gweo_yo_003_.png,집,동사
갈아입어요,http://220.69.171.28:8080/Symbol/Symbol/n4_jib_/n5_os_/gal_a_ib_eo_yo_.png,집,동사
갈아주세요,http://220.69.171.28:8080/Symbol/Symbol/n4_jib_/n5_os_/gal_a_ju_se_yo_001_2.png,집,동사
갈아주세요,http://220.69.171.28:8080/Symbol/Symbol/n4_jib_/n5_os_/gal_a_ju_se_yo_002_2.png,집,동사
걸어요,http://220.69.171.28:8080/Symbol/Symbol/n4_jib_/n5_os_/geol_eo_yo_001_.png,집,동사
골라요,http://220.69.171.28:8080/Symbol/Symbol/n4_jib_/n5_os_/gol_ra_yo_001_.png,집,동사
골라요,http://220.69.171.28:8080/Symbol/Symbol/n4_jib_/n5_os_/gol_ra_yo_002_.png,집,동사
구멍났어요,http://220.69.171.28:8080/Symbol/Symbol/n4_jib_/n5_os_/gu_meong_nass_eo_yo_.png,집,동사
끼워주세요,http://220.69.171.28:8080/Symbol/Symbol/n4_jib_/n5_os_/ggi_weo_ju_se_yo_001_.png,집,동사
끼워주세요,http://220.69.171.28:8080/Symbol/Symbol/n4_jib_/n5_os_/ggi_weo_ju_se_yo_002_.png,집,동사
맞아요,http://220.69.171.28:8080/Symbol/Symbol/n4_jib_/n5_os_/maj_a_yo_2.png,집,동사
묶어요,http://220.69.171.28:8080/Symbol/Symbol/n4_jib_/n5_os_/mugg_eo_yo_.png,집,동사
묶어주세요,http://220.69.171.28:8080/Symbol/Symbol/n4_jib_/n5_os_/mugg_eo_ju_se_yo_001_.png,집,동사
묶어주세요,http://220.69.171.28:8080/Symbol/Symbol/n4_jib_/n5_os_/mugg_eo_ju_se_yo_002_.png,집,동사
벗을래요,http://220.69.171.28:8080/Symbol/Symbol/n4_jib_/n5_os_/beos_eul_rae_yo_001_.png,집,동사
벗을래요,http://220.69.171.28:8080/Symbol/Symbol/n4_jib_/n5_os_/beos_eul_rae_yo_002_.png,집,동사
빨아요,http://220.69.171.28:8080/Symbol/Symbol/n4_jib_/n5_os_/bbal_a_yo_2.png,집,동사
신발끈을묶어주세요,http://220.69.171.28:8080/Symbol/Symbol/n4_jib_/n5_os_/sin_bal_ggeun_eul_mugg_eo_ju_se_yo_201_.png,집,동사
어울려요,http://220.69.171.28:8080/Symbol/Symbol/n4_jib_/n5_os_/eo_ul_ryeo_yo_.png,집,동사
올려주세요,http://220.69.171.28:8080/Symbol/Symbol/n4_jib_/n5_os_/ol_ryeo_ju_se_yo_1.png,집,동사
옷을-벗어요,http://220.69.171.28:8080/Symbol/Symbol/n4_jib_/n5_os_/os_eul_beos_eo_yo_.png,집,동사
옷을-입어요,http://220.69.171.28:8080/Symbol/Symbol/n4_jib_/n5_os_/os_eul_ib_eo_yo_.png,집,동사
입어요,http://220.69.171.28:8080/Symbol/Symbol/additional/ib_eo_yo_201_.png,집,동사
입어요,http://220.69.171.28:8080/Symbol/Symbol/additional/ib_eo_yo_001_.png,집,동사
입을래요,http://220.69.171.28:8080/Symbol/Symbol/n4_jib_/n5_os_/ib_eul_rae_yo_.png,집,동사
풀어주세요,http://220.69.171.28:8080/Symbol/Symbol/n4_jib_/n5_os_/pul_eo_ju_se_yo_.png,집,동사
헐렁해요,http://220.69.171.28:8080/Symbol/Symbol/n4_jib_/n5_os_/heol_reong_hae_yo_.png,집,동사
가꿔요,http://220.69.171.28:8080/Symbol/Symbol/n4_jib_/n6_geo_sil_be_ran_da_/ga_ggweo_yo_.png,집,동사
그만볼래요,http://220.69.171.28:8080/Symbol/Symbol/n4_jib_/n6_geo_sil_be_ran_da_/geu_man_bol_rae_yo_.png,집,동사
그만할래요,http://220.69.171.28:8080/Symbol/Symbol/n4_jib_/n6_geo_sil_be_ran_da_/geu_man_hal_rae_yo_001_.png,집,동사
그만할래요,http://220.69.171.28:8080/Symbol/Symbol/n4_jib_/n6_geo_sil_be_ran_da_/geu_man_hal_rae_yo_002_.png,집,동사
깜깜해요,http://220.69.171.28:8080/Symbol/Symbol/n4_jib_/n6_geo_sil_be_ran_da_/ggam_ggam_hae_yo_.png,집,동사
나가요,http://220.69.171.28:8080/Symbol/Symbol/n4_jib_/n6_geo_sil_be_ran_da_/na_ga_yo_.png,집,동사
넣을래요,http://220.69.171.28:8080/Symbol/Symbol/n4_jib_/n6_geo_sil_be_ran_da_/neoh_eul_rae_yo_.png,집,동사
눈부셔요,http://220.69.171.28:8080/Symbol/Symbol/n4_jib_/n6_geo_sil_be_ran_da_/nun_bu_syeo_yo_.png,집,동사
다시할래요,http://220.69.171.28:8080/Symbol/Symbol/n4_jib_/n6_geo_sil_be_ran_da_/da_si_hal_rae_yo_.png,집,동사
닫아주세요,http://220.69.171.28:8080/Symbol/Symbol/n4_jib_/n6_geo_sil_be_ran_da_/dad_a_ju_se_yo_001_1.png,집,동사
닫아주세요,http://220.69.171.28:8080/Symbol/Symbol/n4_jib_/n6_geo_sil_be_ran_da_/dad_a_ju_se_yo_002_1.png,집,동사
더볼래요,http://220.69.171.28:8080/Symbol/Symbol/n4_jib_/n6_geo_sil_be_ran_da_/deo_bol_rae_yo_.png,집,동사
돌려요,http://220.69.171.28:8080/Symbol/Symbol/n4_jib_/n6_geo_sil_be_ran_da_/dol_ryeo_yo_1.png,집,동사
뒤로감아주세요,http://220.69.171.28:8080/Symbol/Symbol/n4_jib_/n6_geo_sil_be_ran_da_/dwi_ro_gam_a_ju_se_yo_.png,집,동사
들어요,http://220.69.171.28:8080/Symbol/Symbol/n4_jib_/n6_geo_sil_be_ran_da_/deul_eo_yo_001_2.png,집,동사
들어요,http://220.69.171.28:8080/Symbol/Symbol/n4_jib_/n6_geo_sil_be_ran_da_/deul_eo_yo_002_2.png,집,동사
또볼래요,http://220.69.171.28:8080/Symbol/Symbol/n4_jib_/n6_geo_sil_be_ran_da_/ddo_bol_rae_yo_.png,집,동사
물줄래요,http://220.69.171.28:8080/Symbol/Symbol/n4_jib_/n6_geo_sil_be_ran_da_/mul_jul_rae_yo_.png,집,동사
앉을래요,http://220.69.171.28:8080/Symbol/Symbol/n4_jib_/n6_geo_sil_be_ran_da_/anj_eul_rae_yo_001_.png,집,동사
앉을래요,http://220.69.171.28:8080/Symbol/Symbol/n4_jib_/n6_geo_sil_be_ran_da_/anj_eul_rae_yo_002_.png,집,동사
앞으로감아주세요,http://220.69.171.28:8080/Symbol/Symbol/n4_jib_/n6_geo_sil_be_ran_da_/ap_eu_ro_gam_a_ju_se_yo_.png,집,동사
올려요,http://220.69.171.28:8080/Symbol/Symbol/n4_jib_/n6_geo_sil_be_ran_da_/ol_ryeo_yo_.png,집,동사
줄여요,http://220.69.171.28:8080/Symbol/Symbol/n4_jib_/n6_geo_sil_be_ran_da_/jul_yeo_yo_.png,집,동사
켜요,http://220.69.171.28:8080/Symbol/Symbol/n4_jib_/n6_geo_sil_be_ran_da_/kyeo_yo_001_.png,집,동사
켜요,http://220.69.171.28:8080/Symbol/Symbol/n4_jib_/n6_geo_sil_be_ran_da_/kyeo_yo_002_.png,집,동사
키워요,http://220.69.171.28:8080/Symbol/Symbol/n4_jib_/n6_geo_sil_be_ran_da_/ki_weo_yo_.png,집,동사
틀어요,http://220.69.171.28:8080/Symbol/Symbol/n4_jib_/n6_geo_sil_be_ran_da_/teul_eo_yo_.png,집,동사
틀어주세요,http://220.69.171.28:8080/Symbol/Symbol/n4_jib_/n6_geo_sil_be_ran_da_/teul_eo_ju_se_yo_1.png,집,동사
꺼주세요,http://220.69.171.28:8080/Symbol/Symbol/n4_jib_/n7_bang_/ggeo_ju_se_yo_.png,집,동사
꽂아요,http://220.69.171.28:8080/Symbol/Symbol/n4_jib_/n7_bang_/ggoj_a_yo_.png,집,동사
나갈래요,http://220.69.171.28:8080/Symbol/Symbol/n4_jib_/n7_bang_/na_gal_rae_yo_001_.png,집,동사
나갈래요,http://220.69.171.28:8080/Symbol/Symbol/n4_jib_/n7_bang_/na_gal_rae_yo_002_.png,집,동사
넣어주세요,http://220.69.171.28:8080/Symbol/Symbol/n4_jib_/n7_bang_/neoh_eo_ju_se_yo_001_.png,집,동사
넣어주세요,http://220.69.171.28:8080/Symbol/Symbol/n4_jib_/n7_bang_/neoh_eo_ju_se_yo_002_.png,집,동사
놀래요,http://220.69.171.28:8080/Symbol/Symbol/n4_jib_/n7_bang_/nol_rae_yo_001_.png,집,동사
놀래요,http://220.69.171.28:8080/Symbol/Symbol/n4_jib_/n7_bang_/nol_rae_yo_002_.png,집,동사
누울래요,http://220.69.171.28:8080/Symbol/Symbol/n4_jib_/n7_bang_/nu_ul_rae_yo_.png,집,동사
누울래요,http://220.69.171.28:8080/Symbol/Symbol/n4_jib_/n7_bang_/nu_ul_rae_yo_201_.png,집,동사
눌러주세요,http://220.69.171.28:8080/Symbol/Symbol/n4_jib_/n7_bang_/nul_reo_ju_se_yo_001_.png,집,동사
눌러주세요,http://220.69.171.28:8080/Symbol/Symbol/n4_jib_/n7_bang_/nul_reo_ju_se_yo_002_.png,집,동사
들어갈래요,http://220.69.171.28:8080/Symbol/Symbol/n4_jib_/n7_bang_/deul_eo_gal_rae_yo_001_.png,집,동사
들어갈래요,http://220.69.171.28:8080/Symbol/Symbol/n4_jib_/n7_bang_/deul_eo_gal_rae_yo_002_.png,집,동사
또할래요,http://220.69.171.28:8080/Symbol/Symbol/n4_jib_/n7_bang_/ddo_hal_rae_yo_001_.png,집,동사
또할래요,http://220.69.171.28:8080/Symbol/Symbol/n4_jib_/n7_bang_/ddo_hal_rae_yo_002_.png,집,동사
앉아요,http://220.69.171.28:8080/Symbol/Symbol/n4_jib_/n7_bang_/anj_a_yo_1.png,집,동사
앉아요,http://220.69.171.28:8080/Symbol/Symbol/n4_jib_/n7_bang_/anj_a_yo_201_.png,집,동사
움직여요,http://220.69.171.28:8080/Symbol/Symbol/n4_jib_/n7_bang_/um_jig_yeo_yo_.png,집,동사
읽을래요,http://220.69.171.28:8080/Symbol/Symbol/n4_jib_/n7_bang_/ilg_eul_rae_yo_001_.png,집,동사
읽을래요,http://220.69.171.28:8080/Symbol/Symbol/n4_jib_/n7_bang_/ilg_eul_rae_yo_002_.png,집,동사
자고싶어요,http://220.69.171.28:8080/Symbol/Symbol/n4_jib_/n7_bang_/ja_go_sip_eo_yo_201_.png,집,동사
작아요,http://220.69.171.28:8080/Symbol/Symbol/n4_jib_/n7_bang_/jag_a_yo_.png,집,동사
지워요,http://220.69.171.28:8080/Symbol/Symbol/n4_jib_/n7_bang_/ji_weo_yo_.png,집,동사
커요,http://220.69.171.28:8080/Symbol/Symbol/n4_jib_/n7_bang_/keo_yo_.png,집,동사
켜주세요,http://220.69.171.28:8080/Symbol/Symbol/n4_jib_/n7_bang_/kyeo_ju_se_yo_1.png,집,동사
털어요,http://220.69.171.28:8080/Symbol/Symbol/n4_jib_/n7_bang_/teol_eo_yo_.png,집,동사
꺼내요,http://220.69.171.28:8080/Symbol/Symbol/n4_jib_/n8_hyeon_gwan_/ggeo_nae_yo_001_.png,집,동사
꺼내요,http://220.69.171.28:8080/Symbol/Symbol/n4_jib_/n8_hyeon_gwan_/ggeo_nae_yo_002_2.png,집,동사
닫아요,http://220.69.171.28:8080/Symbol/Symbol/n4_jib_/n8_hyeon_gwan_/dad_a_yo_.png,집,동사
벗어요,http://220.69.171.28:8080/Symbol/Symbol/n4_jib_/n8_hyeon_gwan_/beos_eo_yo_001_.png,집,동사
벗어요,http://220.69.171.28:8080/Symbol/Symbol/n4_jib_/n8_hyeon_gwan_/beos_eo_yo_002_.png,집,동사
우산-좀-빌려-주세요,http://220.69.171.28:8080/Symbol/Symbol/n4_jib_/n8_hyeon_gwan_/u_san_jom_bil_ryeo_ju_se_yo_001_.png,집,동사
우산-좀-빌려-주세요,http://220.69.171.28:8080/Symbol/Symbol/n4_jib_/n8_hyeon_gwan_/u_san_jom_bil_ryeo_ju_se_yo_002_.png,집,동사
접어요,http://220.69.171.28:8080/Symbol/Symbol/n4_jib_/n8_hyeon_gwan_/jeob_eo_yo_001_.png,집,동사
접어요,http://220.69.171.28:8080/Symbol/Symbol/n4_jib_/n8_hyeon_gwan_/jeob_eo_yo_002_.png,집,동사
접어주세요,http://220.69.171.28:8080/Symbol/Symbol/n4_jib_/n8_hyeon_gwan_/jeob_eo_ju_se_yo_001_.png,집,동사
접어주세요,http://220.69.171.28:8080/Symbol/Symbol/n4_jib_/n8_hyeon_gwan_/jeob_eo_ju_se_yo_002_.png,집,동사
펴요,http://220.69.171.28:8080/Symbol/Symbol/n4_jib_/n8_hyeon_gwan_/pyeo_yo_001_1.png,집,동사
펴요,http://220.69.171.28:8080/Symbol/Symbol/n4_jib_/n8_hyeon_gwan_/pyeo_yo_002_1.png,집,동사
깎아주세요,http://220.69.171.28:8080/Symbol/Symbol/n4_jib_/n9_mom_ci_jang_ha_gi_/ggagg_a_ju_se_yo_.png,집,동사
단추를-끼워요,http://220.69.171.28:8080/Symbol/Symbol/n4_jib_/n9_mom_ci_jang_ha_gi_/dan_cu_reul_ggi_weo_yo_003_.png,집,동사
단추를-풀어요,http://220.69.171.28:8080/Symbol/Symbol/n4_jib_/n9_mom_ci_jang_ha_gi_/dan_cu_reul_pul_eo_yo_003_.png,집,동사
단추를끼워요,http://220.69.171.28:8080/Symbol/Symbol/n4_jib_/n9_mom_ci_jang_ha_gi_/dan_cu_reul_ggi_weo_yo_001_.png,집,동사
단추를끼워요,http://220.69.171.28:8080/Symbol/Symbol/n4_jib_/n9_mom_ci_jang_ha_gi_/dan_cu_reul_ggi_weo_yo_002_.png,집,동사
단추를끼워요,http://220.69.171.28:8080/Symbol/Symbol/n4_jib_/n9_mom_ci_jang_ha_gi_/dan_cu_reul_ggi_weo_yo_201_.png,집,동사
단추를풀어요,http://220.69.171.28:8080/Symbol/Symbol/n4_jib_/n9_mom_ci_jang_ha_gi_/dan_cu_reul_pul_eo_yo_001_.png,집,동사
단추를풀어요,http://220.69.171.28:8080/Symbol/Symbol/n4_jib_/n9_mom_ci_jang_ha_gi_/dan_cu_reul_pul_eo_yo_002_.png,집,동사
매니큐어발라주세요,http://220.69.171.28:8080/Symbol/Symbol/n4_jib_/n9_mom_ci_jang_ha_gi_/mae_ni_kyu_eo_bal_ra_ju_se_yo_.png,집,동사
맬래요,http://220.69.171.28:8080/Symbol/Symbol/n4_jib_/n9_mom_ci_jang_ha_gi_/mael_rae_yo_.png,집,동사
머리땋아주세요,http://220.69.171.28:8080/Symbol/Symbol/n4_jib_/n9_mom_ci_jang_ha_gi_/meo_ri_ddah_a_ju_se_yo_001_.png,집,동사
머리땋아주세요,http://220.69.171.28:8080/Symbol/Symbol/n4_jib_/n9_mom_ci_jang_ha_gi_/meo_ri_ddah_a_ju_se_yo_002_.png,집,동사
머리를-잘라요,http://220.69.171.28:8080/Symbol/Symbol/n4_jib_/n9_mom_ci_jang_ha_gi_/meo_ri_reul_jal_ra_yo_002_.png,집,동사
머리를잘라요,http://220.69.171.28:8080/Symbol/Symbol/n4_jib_/n9_mom_ci_jang_ha_gi_/meo_ri_reul_jal_ra_yo_001_.png,집,동사
머리핀꽂아주세요,http://220.69.171.28:8080/Symbol/Symbol/n4_jib_/n9_mom_ci_jang_ha_gi_/meo_ri_pin_ggoj_a_ju_se_yo_001_.png,집,동사
머리핀꽂아주세요,http://220.69.171.28:8080/Symbol/Symbol/n4_jib_/n9_mom_ci_jang_ha_gi_/meo_ri_pin_ggoj_a_ju_se_yo_002_.png,집,동사
면도해요,http://220.69.171.28:8080/Symbol/Symbol/n4_jib_/n9_mom_ci_jang_ha_gi_/myeon_do_hae_yo_001_.png,집,동사
면도해요,http://220.69.171.28:8080/Symbol/Symbol/n4_jib_/n9_mom_ci_jang_ha_gi_/myeon_do_hae_yo_002_.png,집,동사
묶어주세요,http://220.69.171.28:8080/Symbol/Symbol/n4_jib_/n9_mom_ci_jang_ha_gi_/mugg_eo_ju_se_yo_003_.png,집,동사
발라주세요,http://220.69.171.28:8080/Symbol/Symbol/n4_jib_/n9_mom_ci_jang_ha_gi_/bal_ra_ju_se_yo_.png,집,동사
빗어요,http://220.69.171.28:8080/Symbol/Symbol/n4_jib_/n9_mom_ci_jang_ha_gi_/bis_eo_yo_201_.png,집,동사
샤워해요,http://220.69.171.28:8080/Symbol/Symbol/n4_jib_/n9_mom_ci_jang_ha_gi_/sya_weo_hae_yo_001_.png,집,동사
샤워해요,http://220.69.171.28:8080/Symbol/Symbol/n4_jib_/n9_mom_ci_jang_ha_gi_/sya_weo_hae_yo_002_.png,집,동사
세수해요,http://220.69.171.28:8080/Symbol/Symbol/n4_jib_/n9_mom_ci_jang_ha_gi_/se_su_hae_yo_001_.png,집,동사
세수해요,http://220.69.171.28:8080/Symbol/Symbol/n4_jib_/n9_mom_ci_jang_ha_gi_/se_su_hae_yo_002_.png,집,동사
이를닦아요,http://220.69.171.28:8080/Symbol/Symbol/n4_jib_/n9_mom_ci_jang_ha_gi_/i_reul_dagg_a_yo_2.png,집,동사
잘어울려요,http://220.69.171.28:8080/Symbol/Symbol/n4_jib_/n9_mom_ci_jang_ha_gi_/jal_eo_ul_ryeo_yo_1.png,집,동사
조여요,http://220.69.171.28:8080/Symbol/Symbol/n4_jib_/n9_mom_ci_jang_ha_gi_/jo_yeo_yo_2.png,집,동사
지퍼를-내려요,http://220.69.171.28:8080/Symbol/Symbol/n4_jib_/n9_mom_ci_jang_ha_gi_/ji_peo_reul_nae_ryeo_yo_002_.png,집,동사
지퍼를-올려요,http://220.69.171.28:8080/Symbol/Symbol/n4_jib_/n9_mom_ci_jang_ha_gi_/ji_peo_reul_ol_ryeo_yo_002_.png,집,동사
지퍼를내려요,http://220.69.171.28:8080/Symbol/Symbol/n4_jib_/n9_mom_ci_jang_ha_gi_/ji_peo_reul_nae_ryeo_yo_001_.png,집,동사
지퍼를내려요,http://220.69.171.28:8080/Symbol/Symbol/n4_jib_/n9_mom_ci_jang_ha_gi_/ji_peo_reul_nae_ryeo_yo_201_.png,집,동사
지퍼를올려요,http://220.69.171.28:8080/Symbol/Symbol/n4_jib_/n9_mom_ci_jang_ha_gi_/ji_peo_reul_ol_ryeo_yo_001_.png,집,동사
지퍼를채워요,http://220.69.171.28:8080/Symbol/Symbol/n4_jib_/n9_mom_ci_jang_ha_gi_/ji_peo_reul_cae_weo_yo_201_.png,집,동사
찰래요,http://220.69.171.28:8080/Symbol/Symbol/n4_jib_/n9_mom_ci_jang_ha_gi_/cal_rae_yo_.png,집,동사
화장해요,http://220.69.171.28:8080/Symbol/Symbol/n4_jib_/n9_mom_ci_jang_ha_gi_/hwa_jang_hae_yo_001_.png,집,동사
화장해요,http://220.69.171.28:8080/Symbol/Symbol/n4_jib_/n9_mom_ci_jang_ha_gi_/hwa_jang_hae_yo_002_.png,집,동사
건조해요,http://220.69.171.28:8080/Symbol/Symbol/n4_jib_/n10_ceong_so_ha_gi_/geon_jo_hae_yo_.png,집,동사
깨끗해요,http://220.69.171.28:8080/Symbol/Symbol/n4_jib_/n10_ceong_so_ha_gi_/ggae_ggeus_hae_yo_.png,집,동사
깨끗해요,http://220.69.171.28:8080/Symbol/Symbol/n4_jib_/n10_ceong_so_ha_gi_/ggae_ggeus_hae_yo_201_.png,집,동사
놓아주세요,http://220.69.171.28:8080/Symbol/Symbol/n4_jib_/n10_ceong_so_ha_gi_/noh_a_ju_se_yo_001_.png,집,동사
놓아주세요,http://220.69.171.28:8080/Symbol/Symbol/n4_jib_/n10_ceong_so_ha_gi_/noh_a_ju_se_yo_002_.png,집,동사
먼지털어주세요,http://220.69.171.28:8080/Symbol/Symbol/n4_jib_/n10_ceong_so_ha_gi_/meon_ji_teol_eo_ju_se_yo_.png,집,동사
먼지털어주세요_001,http://220.69.171.28:8080/Symbol/Symbol/n4_jib_/n10_ceong_so_ha_gi_/meon_ji_teol_eo_ju_se_yo_001_.png,집,동사
버려요,http://220.69.171.28:8080/Symbol/Symbol/n4_jib_/n10_ceong_so_ha_gi_/beo_ryeo_yo_.png,집,동사
버려주세요,http://220.69.171.28:8080/Symbol/Symbol/n4_jib_/n10_ceong_so_ha_gi_/beo_ryeo_ju_se_yo_.png,집,동사
분리수거해주세요,http://220.69.171.28:8080/Symbol/Symbol/n4_jib_/n10_ceong_so_ha_gi_/bun_ri_su_geo_hae_ju_se_yo_.png,집,동사
비워주세요,http://220.69.171.28:8080/Symbol/Symbol/n4_jib_/n10_ceong_so_ha_gi_/bi_weo_ju_se_yo_001_.png,집,동사
비워주세요,http://220.69.171.28:8080/Symbol/Symbol/n4_jib_/n10_ceong_so_ha_gi_/bi_weo_ju_se_yo_002_.png,집,동사
빨래를삶아요,http://220.69.171.28:8080/Symbol/Symbol/n4_jib_/n10_ceong_so_ha_gi_/bbal_rae_reul_salm_a_yo_.png,집,동사
빨아주세요,http://220.69.171.28:8080/Symbol/Symbol/n4_jib_/n10_ceong_so_ha_gi_/bbal_a_ju_se_yo_001_.png,집,동사
빨아주세요,http://220.69.171.28:8080/Symbol/Symbol/n4_jib_/n10_ceong_so_ha_gi_/bbal_a_ju_se_yo_002_.png,집,동사
뿌려주세요,http://220.69.171.28:8080/Symbol/Symbol/n4_jib_/n10_ceong_so_ha_gi_/bbu_ryeo_ju_se_yo_001_.png,집,동사
뿌려주세요,http://220.69.171.28:8080/Symbol/Symbol/n4_jib_/n10_ceong_so_ha_gi_/bbu_ryeo_ju_se_yo_002_.png,집,동사
쓸어주세요,http://220.69.171.28:8080/Symbol/Symbol/n4_jib_/n10_ceong_so_ha_gi_/sseul_eo_ju_se_yo_001_.png,집,동사
쓸어주세요,http://220.69.171.28:8080/Symbol/Symbol/n4_jib_/n10_ceong_so_ha_gi_/sseul_eo_ju_se_yo_002_.png,집,동사
엎질렀어요,http://220.69.171.28:8080/Symbol/Symbol/n4_jib_/n10_ceong_so_ha_gi_/eop_jil_reoss_eo_yo_001_.png,집,동사
엎질렀어요,http://220.69.171.28:8080/Symbol/Symbol/n4_jib_/n10_ceong_so_ha_gi_/eop_jil_reoss_eo_yo_002_.png,집,동사
정리할래요,http://220.69.171.28:8080/Symbol/Symbol/n4_jib_/n10_ceong_so_ha_gi_/jeong_ri_hal_rae_yo_.png,집,동사
정리할래요,http://220.69.171.28:8080/Symbol/Symbol/n4_jib_/n10_ceong_so_ha_gi_/jeong_ri_hal_rae_yo_201_.png,집,동사
짜요,http://220.69.171.28:8080/Symbol/Symbol/n4_jib_/n10_ceong_so_ha_gi_/jja_yo_002_.png,집,동사
청소할래요,http://220.69.171.28:8080/Symbol/Symbol/n4_jib_/n10_ceong_so_ha_gi_/ceong_so_hal_rae_yo_.png,집,동사
청소해요,http://220.69.171.28:8080/Symbol/Symbol/n4_jib_/n10_ceong_so_ha_gi_/ceong_so_hae_yo_201_.png,집,동사
헹궈요,http://220.69.171.28:8080/Symbol/Symbol/n4_jib_/n10_ceong_so_ha_gi_/heng_gweo_yo_001_.png,집,동사
헹궈요,http://220.69.171.28:8080/Symbol/Symbol/n4_jib_/n10_ceong_so_ha_gi_/heng_gweo_yo_002_.png,집,동사
먹고싶어요,http://220.69.171.28:8080/Symbol/Symbol/n4_jib_/n11_sig_sa_ha_gi_/meog_go_sip_eo_yo_001_.png,집,동사
먹고싶어요,http://220.69.171.28:8080/Symbol/Symbol/n4_jib_/n11_sig_sa_ha_gi_/meog_go_sip_eo_yo_002_.png,집,동사
교복-다려-주세요,http://220.69.171.28:8080/Symbol/Symbol/n4_jib_/n12_deung_gyo_jun_bi_ha_gi_/gyo_bog_da_ryeo_ju_se_yo_002_.png,집,동사
교복다려주세요,http://220.69.171.28:8080/Symbol/Symbol/n4_jib_/n12_deung_gyo_jun_bi_ha_gi_/gyo_bog_da_ryeo_ju_se_yo_001_.png,집,동사
낡았어요,http://220.69.171.28:8080/Symbol/Symbol/n4_jib_/n12_deung_gyo_jun_bi_ha_gi_/nalg_ass_eo_yo_001_.png,집,동사
낡았어요,http://220.69.171.28:8080/Symbol/Symbol/n4_jib_/n12_deung_gyo_jun_bi_ha_gi_/nalg_ass_eo_yo_002_.png,집,동사
준비해요,http://220.69.171.28:8080/Symbol/Symbol/n4_jib_/n12_deung_gyo_jun_bi_ha_gi_/jun_bi_hae_yo_001_.png,집,동사
준비해요,http://220.69.171.28:8080/Symbol/Symbol/n4_jib_/n12_deung_gyo_jun_bi_ha_gi_/jun_bi_hae_yo_002_.png,집,동사
찢어졌어요,http://220.69.171.28:8080/Symbol/Symbol/n4_jib_/n12_deung_gyo_jun_bi_ha_gi_/jjij_eo_jyeoss_eo_yo_001_.png,집,동사
찢어졌어요,http://220.69.171.28:8080/Symbol/Symbol/n4_jib_/n12_deung_gyo_jun_bi_ha_gi_/jjij_eo_jyeoss_eo_yo_002_.png,집,동사
챙겨주세요,http://220.69.171.28:8080/Symbol/Symbol/n4_jib_/n12_deung_gyo_jun_bi_ha_gi_/caeng_gyeo_ju_se_yo_.png,집,동사
가습기틀어요,http://220.69.171.28:8080/Symbol/Symbol/n4_jib_/n13_ga_jeon_ga_gu_/ga_seub_gi_teul_eo_yo_.png,집,동사
가습기틀어주세요,http://220.69.171.28:8080/Symbol/Symbol/n4_jib_/n13_ga_jeon_ga_gu_/ga_seub_gi_teul_eo_ju_se_yo_.png,집,동사
버튼이안눌러져요,http://220.69.171.28:8080/Symbol/Symbol/n4_jib_/n13_ga_jeon_ga_gu_/beo_teun_i_an_nul_reo_jyeo_yo_.png,집,동사
손잡이가떨어졌어요,http://220.69.171.28:8080/Symbol/Symbol/n4_jib_/n13_ga_jeon_ga_gu_/son_jab_i_ga_ddeol_eo_jyeoss_eo_yo_.png,집,동사
에어컨점검해주세요,http://220.69.171.28:8080/Symbol/Symbol/n4_jib_/n13_ga_jeon_ga_gu_/e_eo_keon_jeom_geom_hae_ju_se_yo_.png,집,동사
옷-다려주세요,http://220.69.171.28:8080/Symbol/Symbol/n4_jib_/n13_ga_jeon_ga_gu_/os_da_ryeo_ju_se_yo_002_.png,집,동사
옷다려주세요,http://220.69.171.28:8080/Symbol/Symbol/n4_jib_/n13_ga_jeon_ga_gu_/os_da_ryeo_ju_se_yo_001_.png,집,동사
플러그를꽂아요,http://220.69.171.28:8080/Symbol/Symbol/n4_jib_/n13_ga_jeon_ga_gu_/peul_reo_geu_reul_ggoj_a_yo_.png,집,동사
플러그를빼요,http://220.69.171.28:8080/Symbol/Symbol/n4_jib_/n13_ga_jeon_ga_gu_/peul_reo_geu_reul_bbae_yo_.png,집,동사
고쳐요,http://220.69.171.28:8080/Symbol/Symbol/n4_jib_/n14_jib_gi_ta_/go_cyeo_yo_.png,집,동사
기어가요,http://220.69.171.28:8080/Symbol/Symbol/n4_jib_/n14_jib_gi_ta_/gi_eo_ga_yo_.png,집,동사
내려요,http://220.69.171.28:8080/Symbol/Symbol/n4_jib_/n14_jib_gi_ta_/nae_ryeo_yo_006_.png,집,동사
냄새나요,http://220.69.171.28:8080/Symbol/Symbol/n4_jib_/n14_jib_gi_ta_/naem_sae_na_yo_.png,집,동사
누워요,http://220.69.171.28:8080/Symbol/Symbol/n4_jib_/n14_jib_gi_ta_/nu_weo_yo_001_.png,집,동사
누워요,http://220.69.171.28:8080/Symbol/Symbol/n4_jib_/n14_jib_gi_ta_/nu_weo_yo_002_.png,집,동사
누워요,http://220.69.171.28:8080/Symbol/Symbol/n4_jib_/n14_jib_gi_ta_/nu_weo_yo_201_.png,집,동사
다려요,http://220.69.171.28:8080/Symbol/Symbol/n4_jib_/n14_jib_gi_ta_/da_ryeo_yo_.png,집,동사
두꺼워요,http://220.69.171.28:8080/Symbol/Symbol/n4_jib_/n14_jib_gi_ta_/du_ggeo_weo_yo_001_.png,집,동사
두꺼워요,http://220.69.171.28:8080/Symbol/Symbol/n4_jib_/n14_jib_gi_ta_/du_ggeo_weo_yo_002_.png,집,동사
들어와요,http://220.69.171.28:8080/Symbol/Symbol/n4_jib_/n14_jib_gi_ta_/deul_eo_wa_yo_.png,집,동사
들어요,http://220.69.171.28:8080/Symbol/Symbol/n4_jib_/n14_jib_gi_ta_/deul_eo_yo_001_1.png,집,동사
들어요,http://220.69.171.28:8080/Symbol/Symbol/n4_jib_/n14_jib_gi_ta_/deul_eo_yo_002_1.png,집,동사
맞아요,http://220.69.171.28:8080/Symbol/Symbol/n4_jib_/n14_jib_gi_ta_/maj_a_yo_1.png,집,동사
발라요,http://220.69.171.28:8080/Symbol/Symbol/n4_jib_/n14_jib_gi_ta_/bal_ra_yo_001_.png,집,동사
발라요,http://220.69.171.28:8080/Symbol/Symbol/n4_jib_/n14_jib_gi_ta_/bal_ra_yo_002_.png,집,동사
발라요,http://220.69.171.28:8080/Symbol/Symbol/n4_jib_/n14_jib_gi_ta_/bal_ra_yo_201_.png,집,동사
밝아요,http://220.69.171.28:8080/Symbol/Symbol/n4_jib_/n14_jib_gi_ta_/balg_a_yo_.png,집,동사
안아요,http://220.69.171.28:8080/Symbol/Symbol/n4_jib_/n14_jib_gi_ta_/an_a_yo_.png,집,동사
얇아요,http://220.69.171.28:8080/Symbol/Symbol/n4_jib_/n14_jib_gi_ta_/yalb_a_yo_001_.png,집,동사
얇아요,http://220.69.171.28:8080/Symbol/Symbol/n4_jib_/n14_jib_gi_ta_/yalb_a_yo_002_.png,집,동사
와요,http://220.69.171.28:8080/Symbol/Symbol/n4_jib_/n14_jib_gi_ta_/wa_yo_1.png,집,동사
잘들려요,http://220.69.171.28:8080/Symbol/Symbol/n4_jib_/n14_jib_gi_ta_/jal_deul_ryeo_yo_001_.png,집,동사
잘들려요,http://220.69.171.28:8080/Symbol/Symbol/n4_jib_/n14_jib_gi_ta_/jal_deul_ryeo_yo_002_.png,집,동사
챙겨요,http://220.69.171.28:8080/Symbol/Symbol/n4_jib_/n14_jib_gi_ta_/caeng_gyeo_yo_.png,집,동사
